date,dec,exp_time,jd,qidx,ra,star_name,time
2020-12-25,15.385362,308.85,2459208.7657785476,8514.0,7.984533,GJ3470b,06:22:43
2020-12-25,15.385213,308.85,2459208.769726645,8514.0,7.984598,GJ3470b,06:28:24
2021-02-02,15.396913,308.85,2459247.8486741777,8514.0,7.985117,GJ3470b,08:22:05
2021-02-02,15.393597,308.85,2459247.8526225197,8514.0,7.985201,GJ3470b,08:27:46
2021-02-24,15.384683,308.85,2459269.5938150743,8514.0,7.984499,GJ3470b,02:15:05
2021-02-24,15.384835,308.85,2459269.5977633796,8514.0,7.984583,GJ3470b,02:20:46
2020-12-09,3.34403,511.2,2459192.9646506202,198.0,8.039373,GJ3473b,11:09:05
2020-12-09,3.338332,511.2,2459192.9709433257,198.0,8.039565,GJ3473b,11:18:09
2020-07-16,48.090285,308.85,2459046.9088856294,6245.0,19.847696,HAT-P-11,09:48:47
2020-07-16,48.089236,308.85,2459046.9128336627,6245.0,19.847751,HAT-P-11,09:54:28
2020-07-24,48.090361,308.85,2459054.907085361,7146.0,19.847662,HAT-P-11,09:46:12
2020-07-24,48.089401,308.85,2459054.9110337966,7146.0,19.847721,HAT-P-11,09:51:53
2020-08-01,48.074153,308.85,2459062.6309116855,7226.0,19.846816,HAT-P-11,03:08:30
2020-08-01,48.073857,308.85,2459062.6348596453,7226.0,19.846896,HAT-P-11,03:14:11
2020-11-14,48.093322,308.85,2459167.5792174824,4597.0,19.847004,HAT-P-11_P4,01:54:04
2020-11-14,48.092368,308.85,2459167.5831658784,4597.0,19.847061,HAT-P-11_P4,01:59:45
2020-11-18,48.094563,308.85,2459171.5804782137,4597.0,19.846915,HAT-P-11_P4,01:55:53
2020-11-18,48.093645,308.85,2459171.5844266945,4597.0,19.84695,HAT-P-11_P4,02:01:34
2020-03-31,43.496933,10.65,2458939.9351426074,3400.0,13.959493,HAT-P-12_IN_2,10:26:36
2020-03-31,43.492767,10.65,2458939.946616783,3400.0,13.959567,HAT-P-12_IN_2,10:43:07
2020-03-31,43.489025,10.65,2458939.9580915826,3400.0,13.959652,HAT-P-12_IN_2,10:59:39
2020-03-31,43.485314,10.65,2458939.9695659233,3400.0,13.959782,HAT-P-12_IN_2,11:16:10
2020-03-31,43.481463,10.65,2458939.981040308,3400.0,13.9599,HAT-P-12_IN_2,11:32:41
2020-03-26,43.480336,10.65,2458934.723755774,3381.0,13.958765,HAT-P-12_OUT_1_before2,05:22:12
2020-03-26,43.479912,10.65,2458934.733132747,3381.0,13.958907,HAT-P-12_OUT_1_before2,05:35:42
2020-03-26,43.479577,10.65,2458934.7425099225,3381.0,13.959064,HAT-P-12_OUT_1_before2,05:49:12
2020-03-26,43.479043,10.65,2458934.751886698,3381.0,13.959202,HAT-P-12_OUT_1_before2,06:02:43
2020-03-26,43.478907,10.65,2458934.7612640066,3381.0,13.959336,HAT-P-12_OUT_1_before2,06:16:13
2020-03-27,43.480393,10.65,2458935.7188266036,3402.0,13.958795,HAT-P-12_OUT_1_before1,05:15:06
2020-03-27,43.479933,10.65,2458935.7303011944,3402.0,13.958971,HAT-P-12_OUT_1_before1,05:31:38
2020-03-27,43.479448,10.65,2458935.7417756887,3402.0,13.959123,HAT-P-12_OUT_1_before1,05:48:09
2020-03-27,43.47956,10.65,2458935.7532502557,3402.0,13.959157,HAT-P-12_OUT_1_before1,06:04:40
2020-03-28,43.495341,10.65,2458936.9417810985,3399.0,13.959426,HAT-P-12_OUT_1,10:36:09
2020-03-28,43.491188,10.65,2458936.952761679,3399.0,13.959438,HAT-P-12_OUT_1,10:51:58
2020-03-28,43.487567,10.65,2458936.963742981,3399.0,13.959502,HAT-P-12_OUT_1,11:07:47
2020-03-28,43.483888,10.65,2458936.9747236366,3399.0,13.959607,HAT-P-12_OUT_1,11:23:36
2020-03-28,43.480385,10.65,2458936.985704747,3399.0,13.959711,HAT-P-12_OUT_1,11:39:24
2020-03-30,43.49749,10.65,2458938.934764306,3411.0,13.959523,HAT-P-12_OUT_1_after2,10:26:03
2020-03-30,43.493561,10.65,2458938.9462386766,3411.0,13.95956,HAT-P-12_OUT_1_after2,10:42:35
2020-03-30,43.489908,10.65,2458938.957713182,3411.0,13.959661,HAT-P-12_OUT_1_after2,10:59:06
2020-03-31,43.481264,10.65,2458939.7052834127,3401.0,13.958731,HAT-P-12_OUT_2,04:55:36
2020-03-31,43.480678,10.65,2458939.716757932,3401.0,13.958896,HAT-P-12_OUT_2,05:12:07
2020-03-31,43.480246,10.65,2458939.7282324005,3401.0,13.959067,HAT-P-12_OUT_2,05:28:39
2020-03-31,43.479606,10.65,2458939.739706958,3401.0,13.959216,HAT-P-12_OUT_2,05:45:10
2020-03-31,43.479195,10.65,2458939.751181402,3401.0,13.959368,HAT-P-12_OUT_2,06:01:42
2020-04-01,43.496866,10.65,2458940.9307057066,3413.0,13.959556,HAT-P-12_OUT_2_after1,10:20:12
2020-04-01,43.492699,10.65,2458940.9421801725,3413.0,13.959624,HAT-P-12_OUT_2_after1,10:36:44
2020-04-01,43.488842,10.65,2458940.9536548224,3413.0,13.959724,HAT-P-12_OUT_2_after1,10:53:15
2020-04-01,43.485226,10.65,2458940.965129162,3413.0,13.959851,HAT-P-12_OUT_2_after1,11:09:47
2020-04-01,43.481368,10.65,2458940.9766035895,3413.0,13.959962,HAT-P-12_OUT_2_after1,11:26:18
2020-06-08,30.476812,308.85,2459008.840233378,6590.0,21.634774,HAT-P-17b_IN_1b,08:09:56
2020-06-08,30.477037,308.85,2459008.844181765,6590.0,21.634837,HAT-P-17b_IN_1b,08:15:37
2020-06-08,30.477239,308.85,2459008.848129954,6590.0,21.634908,HAT-P-17b_IN_1b,08:21:18
2020-06-08,30.477508,308.85,2459008.852078397,6590.0,21.63496,HAT-P-17b_IN_1b,08:26:59
2020-06-08,30.477592,308.85,2459008.856026797,6590.0,21.635026,HAT-P-17b_IN_1b,08:32:40
2020-06-08,30.477795,308.85,2459008.8599751336,6590.0,21.635091,HAT-P-17b_IN_1b,08:38:21
2020-06-08,30.477958,308.85,2459008.863923078,6590.0,21.635154,HAT-P-17b_IN_1b,08:44:02
2020-06-08,30.477978,308.85,2459008.867871505,6590.0,21.635218,HAT-P-17b_IN_1b,08:49:44
2020-06-08,30.478031,308.85,2459008.8718199856,6590.0,21.63527,HAT-P-17b_IN_1b,08:55:25
2020-06-08,30.478088,308.85,2459008.87576814,6590.0,21.635325,HAT-P-17b_IN_1b,09:01:06
2020-06-08,30.477984,308.85,2459008.8797163116,6590.0,21.635377,HAT-P-17b_IN_1b,09:06:47
2020-07-30,30.480575,308.85,2459060.700233623,7176.0,21.635074,HAT-P-17b_IN_3,04:48:20
2020-07-30,30.4807,308.85,2459060.7041816763,7176.0,21.635154,HAT-P-17b_IN_3,04:54:01
2020-07-30,30.480991,308.85,2459060.708130173,7176.0,21.635216,HAT-P-17b_IN_3,04:59:42
2020-07-30,30.481124,308.85,2459060.7120784107,7176.0,21.635285,HAT-P-17b_IN_3,05:05:23
2020-07-30,30.481199,308.85,2459060.7160266037,7176.0,21.635361,HAT-P-17b_IN_3,05:11:04
2020-07-30,30.481518,308.85,2459060.719974614,7176.0,21.635434,HAT-P-17b_IN_3,05:16:45
2020-07-30,30.481541,308.85,2459060.723923513,7176.0,21.635493,HAT-P-17b_IN_3,05:22:26
2020-07-30,30.481592,308.85,2459060.7278716327,7176.0,21.635559,HAT-P-17b_IN_3,05:28:08
2020-07-30,30.481625,308.85,2459060.7318198606,7176.0,21.635616,HAT-P-17b_IN_3,05:33:49
2020-07-30,30.481584,308.85,2459060.735768108,7176.0,21.635675,HAT-P-17b_IN_3,05:39:30
2020-06-07,30.47716,308.85,2459007.84329825,6591.0,21.634805,HAT-P-17b_OUT_1b_before1,08:14:20
2020-06-07,30.477407,308.85,2459007.847246471,6591.0,21.634888,HAT-P-17b_OUT_1b_before1,08:20:02
2020-06-07,30.477466,308.85,2459007.8511947556,6591.0,21.634898,HAT-P-17b_OUT_1b_before1,08:25:43
2020-06-07,30.477947,308.85,2459007.8551430367,6591.0,21.634996,HAT-P-17b_OUT_1b_before1,08:31:24
2020-06-07,30.477958,308.85,2459007.8590911864,6591.0,21.635088,HAT-P-17b_OUT_1b_before1,08:37:05
2020-06-07,30.477996,308.85,2459007.863039849,6591.0,21.635169,HAT-P-17b_OUT_1b_before1,08:42:46
2020-06-10,30.477056,308.85,2459010.842099567,6948.0,21.634752,HAT-P-17b_OUT_1b_after2p1,08:12:37
2020-06-10,30.477254,308.85,2459010.846047929,6948.0,21.634818,HAT-P-17b_OUT_1b_after2p1,08:18:18
2020-06-10,30.477478,308.85,2459010.8499962147,6948.0,21.634877,HAT-P-17b_OUT_1b_after2p1,08:23:59
2020-06-10,30.477551,308.85,2459010.8539444664,6948.0,21.634941,HAT-P-17b_OUT_1b_after2p1,08:29:40
2020-06-11,30.477546,308.85,2459011.845071083,6949.0,21.634818,HAT-P-17b_OUT_1b_after3p2,08:16:54
2020-06-11,30.477474,308.85,2459011.849019117,6949.0,21.634893,HAT-P-17b_OUT_1b_after3p2,08:22:35
2020-06-11,30.477726,308.85,2459011.8529677154,6949.0,21.634959,HAT-P-17b_OUT_1b_after3p2,08:28:16
2020-06-11,30.4777,308.85,2459011.8569160574,6949.0,21.635015,HAT-P-17b_OUT_1b_after3p2,08:33:57
2020-07-28,30.480256,308.85,2459058.712675786,7174.0,21.63502,HAT-P-17b_OUT_3_before2,05:06:15
2020-07-28,30.480446,308.85,2459058.7166240923,7174.0,21.635082,HAT-P-17b_OUT_3_before2,05:11:56
2020-07-28,30.480521,308.85,2459058.720572438,7174.0,21.635147,HAT-P-17b_OUT_3_before2,05:17:37
2020-07-28,30.480789,308.85,2459058.724520888,7174.0,21.635223,HAT-P-17b_OUT_3_before2,05:23:18
2020-07-29,30.495939,308.85,2459059.939830562,7175.0,21.635723,HAT-P-17b_OUT_3_before1,10:33:21
2020-07-29,30.493476,308.85,2459059.943778819,7175.0,21.635769,HAT-P-17b_OUT_3_before1,10:39:02
2020-07-29,30.490994,308.85,2459059.947726776,7175.0,21.63581,HAT-P-17b_OUT_3_before1,10:44:43
2020-07-29,30.488521,308.85,2459059.951675475,7175.0,21.635864,HAT-P-17b_OUT_3_before1,10:50:24
2020-07-30,30.496818,308.85,2459060.939842791,7177.0,21.635717,HAT-P-17b_OUT_3_same,10:33:22
2020-07-30,30.494319,308.85,2459060.9437910495,7177.0,21.635758,HAT-P-17b_OUT_3_same,10:39:03
2020-07-30,30.491785,308.85,2459060.947739105,7177.0,21.63582,HAT-P-17b_OUT_3_same,10:44:44
2020-07-30,30.489433,308.85,2459060.9516876116,7177.0,21.635868,HAT-P-17b_OUT_3_same,10:50:25
2020-07-31,30.481183,308.85,2459061.70801732,7178.0,21.635158,HAT-P-17b_OUT_3_after1,04:59:32
2020-07-31,30.481348,308.85,2459061.7119659116,7178.0,21.635234,HAT-P-17b_OUT_3_after1,05:05:13
2020-07-31,30.481348,308.85,2459061.7159142555,7178.0,21.635297,HAT-P-17b_OUT_3_after1,05:10:54
2020-07-31,30.481653,308.85,2459061.719862381,7178.0,21.635368,HAT-P-17b_OUT_3_after1,05:16:36
2020-08-01,30.481022,308.85,2459062.7076563863,7179.0,21.635023,HAT-P-17b_OUT_3_after2,04:59:01
2020-08-01,30.481044,308.85,2459062.7116046255,7179.0,21.635075,HAT-P-17b_OUT_3_after2,05:04:42
2020-08-01,30.481309,308.85,2459062.715552854,7179.0,21.635149,HAT-P-17b_OUT_3_after2,05:10:23
2020-08-01,30.481427,308.85,2459062.7195013,7179.0,21.635221,HAT-P-17b_OUT_3_after2,05:16:04
2020-08-01,30.496596,511.2,2459062.940973554,7229.0,21.635704,HAT-P-17b,10:35:00
2020-08-01,30.492567,511.2,2459062.947265746,7229.0,21.635795,HAT-P-17b,10:44:03
2020-05-07,30.476938,308.85,2458976.939497197,6553.0,21.634513,HAT-P-17b_OUT_1_before1,10:32:52
2020-05-07,30.477015,308.85,2458976.943445545,6553.0,21.634587,HAT-P-17b_OUT_1_before1,10:38:33
2020-05-07,30.477135,308.85,2458976.9473935836,6553.0,21.634653,HAT-P-17b_OUT_1_before1,10:44:14
2020-05-07,30.47732,308.85,2458976.9513420793,6553.0,21.634715,HAT-P-17b_OUT_1_before1,10:49:55
2020-07-23,30.480356,511.2,2459053.732119063,7152.0,21.635006,HAT-P-17b,05:34:15
2020-07-23,30.48053,511.2,2459053.73841152,7152.0,21.635121,HAT-P-17b,05:43:18
2020-07-23,30.496113,511.2,2459053.963954946,7152.0,21.635659,HAT-P-17b,11:08:05
2020-07-23,30.492173,511.2,2459053.970247481,7152.0,21.635753,HAT-P-17b,11:17:09
2020-06-25,33.014288,969.15,2459025.859938492,6973.0,17.089529,HAT-P-18b_P2_OUT_before2,08:38:18
2020-06-26,33.022052,969.15,2459026.8353918605,6974.0,17.089717,HAT-P-18b_P2_OUT_before,08:02:57
2020-06-26,33.015555,969.15,2459026.846989586,6974.0,17.089829,HAT-P-18b_P2_OUT_before,08:19:39
2020-06-26,33.008799,969.15,2459026.8585875053,6974.0,17.089979,HAT-P-18b_P2_OUT_before,08:36:21
2020-06-26,33.001815,969.15,2459026.87018541,6974.0,17.090157,HAT-P-18b_P2_OUT_before,08:53:04
2020-07-06,33.022706,969.15,2459036.81478418,6978.0,17.089666,HAT-P-18b_P2_2_OUT_before2,07:33:17
2020-07-06,33.015987,969.15,2459036.8263823115,6978.0,17.089807,HAT-P-18b_P2_2_OUT_before2,07:49:59
2020-07-06,33.009421,969.15,2459036.837979876,6978.0,17.089977,HAT-P-18b_P2_2_OUT_before2,08:06:41
2020-07-06,36.640711,798.75,2459036.8875793153,6585.0,19.069509,Tres-1b_OUT_2b_before,09:18:06
2020-07-06,36.635818,798.75,2459036.897202882,6585.0,19.069606,Tres-1b_OUT_2b_before,09:31:58
2020-07-06,36.631368,798.75,2459036.9068266754,6585.0,19.069688,Tres-1b_OUT_2b_before,09:45:49
2020-07-06,36.626733,798.75,2459036.916450502,6585.0,19.069812,Tres-1b_OUT_2b_before,09:59:41
2021-02-01,4.057998,660.3000000000001,2459246.929110154,8263.0,14.209188,HAT-P-26b_1_IN,10:17:55
2021-02-01,4.057263,660.3000000000001,2459246.937130096,8263.0,14.209378,HAT-P-26b_1_IN,10:29:28
2021-02-01,4.056173,660.3000000000001,2459246.9451497346,8263.0,14.209584,HAT-P-26b_1_IN,10:41:00
2021-02-01,4.054639,660.3000000000001,2459246.953169444,8263.0,14.209796,HAT-P-26b_1_IN,10:52:33
2021-02-01,4.053173,660.3000000000001,2459246.9611893874,8263.0,14.210009,HAT-P-26b_1_IN,11:04:06
2021-01-31,4.057729,660.3000000000001,2459245.937488021,8265.0,14.209234,HAT-P-26b_1_OUT_b2,10:29:58
2021-01-31,4.056567,660.3000000000001,2459245.9455080256,8265.0,14.209438,HAT-P-26b_1_OUT_b2,10:41:31
2021-01-31,4.055341,660.3000000000001,2459245.9535278096,8265.0,14.209657,HAT-P-26b_1_OUT_b2,10:53:04
2021-01-31,4.053726,660.3000000000001,2459245.961547639,8265.0,14.209862,HAT-P-26b_1_OUT_b2,11:04:37
2021-02-02,4.057549,660.3000000000001,2459247.9264058378,8277.0,14.209248,HAT-P-26b_1_OUT_a1,10:14:01
2021-02-02,4.056733,660.3000000000001,2459247.9344258397,8277.0,14.209459,HAT-P-26b_1_OUT_a1,10:25:34
2021-02-02,4.05561,660.3000000000001,2459247.94244562,8277.0,14.209673,HAT-P-26b_1_OUT_a1,10:37:07
2021-02-02,4.0541,660.3000000000001,2459247.950465476,8277.0,14.209899,HAT-P-26b_1_OUT_a1,10:48:40
2021-02-24,4.057307,820.0500000000001,2459269.8769768984,8496.0,14.209712,HAT-P-26b,09:02:50
2021-02-24,4.055902,820.0500000000001,2459269.886847691,8496.0,14.209988,HAT-P-26b,09:17:03
2020-08-09,46.674505,820.0500000000001,2459070.849459956,4967.0,2.069219,HAT-P-32_1_IN,08:23:13
2020-08-09,46.673806,820.0500000000001,2459070.8593305475,4967.0,2.069396,HAT-P-32_1_IN,08:37:26
2020-08-09,46.673309,820.0500000000001,2459070.8692010324,4967.0,2.069554,HAT-P-32_1_IN,08:51:38
2020-08-09,46.672837,820.0500000000001,2459070.879071771,4967.0,2.069735,HAT-P-32_1_IN,09:05:51
2020-08-09,46.672342,820.0500000000001,2459070.888942157,4967.0,2.069902,HAT-P-32_1_IN,09:20:04
2020-08-09,46.672091,820.0500000000001,2459070.898812662,4967.0,2.070068,HAT-P-32_1_IN,09:34:17
2020-09-19,46.676795,820.0500000000001,2459111.7381557664,6062.0,2.069385,HAT-P-32_3_IN,05:42:56
2020-09-19,46.676388,820.0500000000001,2459111.7480264455,6062.0,2.069553,HAT-P-32_3_IN,05:57:09
2020-09-19,46.675892,820.0500000000001,2459111.757896736,6062.0,2.069686,HAT-P-32_3_IN,06:11:22
2020-09-19,46.675385,820.0500000000001,2459111.7677676408,6062.0,2.069852,HAT-P-32_3_IN,06:25:35
2020-09-19,46.674887,820.0500000000001,2459111.777637889,6062.0,2.069987,HAT-P-32_3_IN,06:39:47
2020-09-19,46.674586,820.0500000000001,2459111.7875083764,6062.0,2.070142,HAT-P-32_3_IN,06:54:00
2020-10-06,46.69653,820.0500000000001,2459128.9181220694,6561.0,2.070373,HAT-P-32_5_IN,10:02:05
2020-10-06,46.693713,820.0500000000001,2459128.9279924515,6561.0,2.070461,HAT-P-32_5_IN,10:16:18
2020-10-06,46.690957,820.0500000000001,2459128.9378636493,6561.0,2.070562,HAT-P-32_5_IN,10:30:31
2020-10-06,46.68814,820.0500000000001,2459128.9477337273,6561.0,2.070677,HAT-P-32_5_IN,10:44:44
2020-10-06,46.685607,820.0500000000001,2459128.957604093,6561.0,2.070814,HAT-P-32_5_IN,10:58:56
2020-10-06,46.683111,820.0500000000001,2459128.9674746683,6561.0,2.070927,HAT-P-32_5_IN,11:13:09
2020-08-07,46.674983,820.0500000000001,2459068.86350566,4968.0,2.069215,HAT-P-32_1_OUT_b2,08:43:26
2020-08-07,46.674496,820.0500000000001,2459068.873376339,4968.0,2.069349,HAT-P-32_1_OUT_b2,08:57:39
2020-08-07,46.674148,820.0500000000001,2459068.883246875,4968.0,2.069452,HAT-P-32_1_OUT_b2,09:11:52
2020-08-07,46.673603,820.0500000000001,2459068.8931172327,4968.0,2.069713,HAT-P-32_1_OUT_b2,09:26:05
2020-08-08,46.674761,820.0500000000001,2459069.862899332,4969.0,2.069126,HAT-P-32_1_OUT_b1,08:42:34
2020-08-08,46.674279,820.0500000000001,2459069.8727698554,4969.0,2.069295,HAT-P-32_1_OUT_b1,08:56:47
2020-08-08,46.673826,820.0500000000001,2459069.882640349,4969.0,2.069476,HAT-P-32_1_OUT_b1,09:11:00
2020-08-08,46.673394,820.0500000000001,2459069.8925110362,4969.0,2.06964,HAT-P-32_1_OUT_b1,09:25:12
2020-09-18,46.693905,820.0500000000001,2459110.969856319,6065.0,2.070247,HAT-P-32_3_OUT_b1,11:16:35
2020-09-18,46.69088,820.0500000000001,2459110.979726806,6065.0,2.070301,HAT-P-32_3_OUT_b1,11:30:48
2020-09-18,46.688226,820.0500000000001,2459110.989597084,6065.0,2.070388,HAT-P-32_3_OUT_b1,11:45:01
2020-09-19,46.694607,820.0500000000001,2459111.971840585,6063.0,2.070234,HAT-P-32_3_OUT_d,11:19:27
2020-09-19,46.691824,820.0500000000001,2459111.9817113564,6063.0,2.070311,HAT-P-32_3_OUT_d,11:33:39
2020-09-20,46.694206,820.0500000000001,2459112.966542388,6066.0,2.070313,HAT-P-32_3_OUT_a1,11:11:49
2020-09-20,46.691334,820.0500000000001,2459112.976412922,6066.0,2.070379,HAT-P-32_3_OUT_a1,11:26:02
2020-09-20,46.688704,820.0500000000001,2459112.986283835,6066.0,2.070462,HAT-P-32_3_OUT_a1,11:40:14
2020-09-20,46.686173,820.0500000000001,2459112.9961540354,6066.0,2.070574,HAT-P-32_3_OUT_a1,11:54:27
2020-09-22,46.695019,820.0500000000001,2459114.9613786684,6067.0,2.070255,HAT-P-32_3_OUT_a2,11:04:23
2020-09-22,46.692118,820.0500000000001,2459114.9712498016,6067.0,2.070337,HAT-P-32_3_OUT_a2,11:18:35
2020-09-22,46.689392,820.0500000000001,2459114.9811200234,6067.0,2.070419,HAT-P-32_3_OUT_a2,11:32:48
2020-09-22,46.686959,820.0500000000001,2459114.9909907295,6067.0,2.070527,HAT-P-32_3_OUT_a2,11:47:01
2020-10-05,46.678417,820.0500000000001,2459127.7063850453,6564.0,2.069438,HAT-P-32_5_OUT_b1,04:57:11
2020-10-05,46.677839,820.0500000000001,2459127.7162554543,6564.0,2.069594,HAT-P-32_5_OUT_b1,05:11:24
2020-10-05,46.677496,820.0500000000001,2459127.7261260063,6564.0,2.069756,HAT-P-32_5_OUT_b1,05:25:37
2020-10-05,46.677059,820.0500000000001,2459127.7359964256,6564.0,2.069893,HAT-P-32_5_OUT_b1,05:39:50
2020-10-06,46.678191,820.0500000000001,2459128.6998588126,6562.0,2.069455,HAT-P-32_5_OUT_d,04:47:47
2020-10-06,46.677761,820.0500000000001,2459128.7097293357,6562.0,2.06963,HAT-P-32_5_OUT_d,05:02:00
2020-10-06,46.677406,820.0500000000001,2459128.7195998007,6562.0,2.069796,HAT-P-32_5_OUT_d,05:16:13
2020-10-06,46.676921,820.0500000000001,2459128.7294704346,6562.0,2.069966,HAT-P-32_5_OUT_d,05:30:26
2020-10-06,46.676876,820.0500000000001,2459128.7393406737,6562.0,2.070111,HAT-P-32_5_OUT_d,05:44:39
2020-10-06,46.676546,820.0500000000001,2459128.7492113807,6562.0,2.070253,HAT-P-32_5_OUT_d,05:58:51
2020-10-07,46.695319,820.0500000000001,2459129.9197359714,6565.0,2.070321,HAT-P-32_5_OUT_a1,10:04:25
2020-10-07,46.69237,820.0500000000001,2459129.9296068028,6565.0,2.070408,HAT-P-32_5_OUT_a1,10:18:38
2020-10-07,46.68962,820.0500000000001,2459129.939477444,6565.0,2.070496,HAT-P-32_5_OUT_a1,10:32:50
2020-10-07,46.6871,820.0500000000001,2459129.9493478513,6565.0,2.070633,HAT-P-32_5_OUT_a1,10:47:03
2020-10-08,46.678489,820.0500000000001,2459130.6990139256,6566.0,2.069449,HAT-P-32_5_OUT_a2,04:46:34
2020-10-08,46.67817,820.0500000000001,2459130.708884284,6566.0,2.06961,HAT-P-32_5_OUT_a2,05:00:47
2020-10-08,46.677688,820.0500000000001,2459130.7187550976,6566.0,2.06978,HAT-P-32_5_OUT_a2,05:15:00
2020-10-08,46.677317,820.0500000000001,2459130.728625437,6566.0,2.069927,HAT-P-32_5_OUT_a2,05:29:13
2020-08-01,46.674788,820.0500000000001,2459062.905315998,6317.0,2.069022,hat-p-32_p4,09:43:39
2020-08-01,46.674611,820.0500000000001,2459062.9151865337,6317.0,2.069187,hat-p-32_p4,09:57:52
2020-09-04,46.676454,820.0500000000001,2459096.788000087,4973.0,2.069369,HAT-P-32_2_OUT_b2,06:54:43
2020-09-04,46.675713,820.0500000000001,2459096.7978705354,4973.0,2.069537,HAT-P-32_2_OUT_b2,07:08:56
2020-09-04,46.675251,820.0500000000001,2459096.807741227,4973.0,2.0697,HAT-P-32_2_OUT_b2,07:23:08
2020-09-04,46.67487,820.0500000000001,2459096.817611759,4973.0,2.06987,HAT-P-32_2_OUT_b2,07:37:21
2020-09-05,46.677061,820.0500000000001,2459097.8236689847,4974.0,2.069263,HAT-P-32_2_OUT_b1,07:46:05
2020-10-11,46.696013,820.0500000000001,2459133.9191559213,4598.0,2.070328,HAT-P-32_P4,10:03:35
2020-10-11,46.693287,820.0500000000001,2459133.929026449,4598.0,2.070447,HAT-P-32_P4,10:17:47
2020-10-12,46.695975,820.0500000000001,2459134.912874667,6569.0,2.070322,HAT-P-32_6_OUT_b2,09:54:32
2020-10-12,46.693214,820.0500000000001,2459134.922745177,6569.0,2.07044,HAT-P-32_6_OUT_b2,10:08:45
2020-10-12,46.690436,820.0500000000001,2459134.9326157244,6569.0,2.070548,HAT-P-32_6_OUT_b2,10:22:57
2020-10-12,46.687832,820.0500000000001,2459134.9424864105,6569.0,2.070689,HAT-P-32_6_OUT_b2,10:37:10
2020-12-02,46.68161,820.0500000000001,2459185.546678011,3921.0,2.069383,hat-p-32b,01:07:12
2020-12-02,46.681176,820.0500000000001,2459185.556548416,3921.0,2.069534,hat-p-32b,01:21:25
2020-12-09,46.697834,820.0500000000001,2459192.7561335824,3921.0,2.070118,hat-p-32b,06:08:49
2020-12-09,46.695135,820.0500000000001,2459192.766004316,3921.0,2.070197,hat-p-32b,06:23:02
2020-12-23,46.698589,820.0500000000001,2459206.7260390297,8488.0,2.070071,hat-p-32b,05:25:29
2020-12-23,46.695982,820.0500000000001,2459206.7359094503,8488.0,2.070153,hat-p-32b,05:39:42
2020-12-25,46.697956,820.0500000000001,2459208.7117372216,8488.0,2.069971,hat-p-32b,05:04:54
2020-12-25,46.695358,820.0500000000001,2459208.7216075356,8488.0,2.070024,hat-p-32b,05:19:06
2020-11-05,33.824234,820.0500000000001,2459158.854404254,4586.0,7.545132,HAT-P-33_P4,08:30:20
2020-11-05,33.82453,820.0500000000001,2459158.8642755183,4586.0,7.545282,HAT-P-33_P4,08:44:33
2020-11-16,33.824142,820.0500000000001,2459169.816987092,4586.0,7.545207,HAT-P-33_P4,07:36:27
2020-11-16,33.824461,820.0500000000001,2459169.8268574923,4586.0,7.545364,HAT-P-33_P4,07:50:40
2020-12-29,33.826023,820.0500000000001,2459212.708434342,8510.0,7.545411,hat-p-33b,05:00:08
2020-12-29,33.826142,820.0500000000001,2459212.718304833,8510.0,7.545579,hat-p-33b,05:14:21
2020-12-29,48.014182,617.7,2459212.974939797,202.0,13.738682,HAT-P-3b_1_OUT_b2,11:23:54
2020-12-29,48.013546,617.7,2459212.982465866,202.0,13.7388,HAT-P-3b_1_OUT_b2,11:34:45
2020-12-29,48.013208,617.7,2459212.989992228,202.0,13.738907,HAT-P-3b_1_OUT_b2,11:45:35
2020-12-29,48.013063,617.7,2459212.997518503,202.0,13.739033,HAT-P-3b_1_OUT_b2,11:56:25
2020-12-30,48.01311,617.7,2459213.959895444,203.0,13.73868,HAT-P-3b_1_OUT_b1,11:02:14
2020-12-30,48.012659,617.7,2459213.96742194,203.0,13.738792,HAT-P-3b_1_OUT_b1,11:13:05
2020-12-30,48.01273,617.7,2459213.974948159,203.0,13.738907,HAT-P-3b_1_OUT_b1,11:23:55
2020-12-30,48.01191,617.7,2459213.9824748696,203.0,13.739018,HAT-P-3b_1_OUT_b1,11:34:45
2021-01-30,48.012622,617.7,2459244.886275338,210.0,13.739027,HAT-P-3b_1_OUT_b2,09:16:14
2021-02-01,48.012194,639.0,2459246.854093371,209.0,13.739008,HAT-P-3b_1_IN,08:29:53
2021-02-01,48.011699,639.0,2459246.861866513,209.0,13.739137,HAT-P-3b_1_IN,08:41:05
2021-02-01,48.011233,639.0,2459246.8696394116,209.0,13.73923,HAT-P-3b_1_IN,08:52:16
2021-02-01,48.011015,639.0,2459246.877412719,209.0,13.739358,HAT-P-3b_1_IN,09:03:28
2021-02-01,48.010686,639.0,2459246.8851855895,209.0,13.739464,HAT-P-3b_1_IN,09:14:40
2021-02-01,48.010314,639.0,2459246.8929587,209.0,13.739574,HAT-P-3b_1_IN,09:25:51
2021-02-01,48.010003,639.0,2459246.900731824,209.0,13.739683,HAT-P-3b_1_IN,09:37:03
2021-02-01,48.009837,639.0,2459246.908504821,209.0,13.739795,HAT-P-3b_1_IN,09:48:14
2021-01-02,48.013422,617.7,2459216.960450447,8747.0,13.738659,HAT-P-3b_2_OUT_b1,11:03:02
2021-01-02,48.013321,617.7,2459216.9679762856,8747.0,13.738749,HAT-P-3b_2_OUT_b1,11:13:53
2021-01-02,48.012916,617.7,2459216.975503209,8747.0,13.73885,HAT-P-3b_2_OUT_b1,11:24:43
2021-01-02,48.012713,617.7,2459216.9830294102,8747.0,13.738951,HAT-P-3b_2_OUT_b1,11:35:33
2021-01-31,48.012135,617.7,2459245.8624716103,211.0,13.738973,HAT-P-3b_1_OUT_b1,08:41:57
2021-01-31,48.011543,617.7,2459245.8699978953,211.0,13.739084,HAT-P-3b_1_OUT_b1,08:52:47
2021-01-31,48.011302,617.7,2459245.877524441,211.0,13.739183,HAT-P-3b_1_OUT_b1,09:03:38
2021-01-31,48.010971,617.7,2459245.885050428,211.0,13.739305,HAT-P-3b_1_OUT_b1,09:14:28
2021-02-02,48.012464,617.7,2459247.861629809,212.0,13.739083,HAT-P-3b_1_OUT_a1,08:40:44
2021-02-02,48.012078,617.7,2459247.8691561036,212.0,13.739205,HAT-P-3b_1_OUT_a1,08:51:35
2021-02-02,48.011821,617.7,2459247.876682434,212.0,13.739344,HAT-P-3b_1_OUT_a1,09:02:25
2021-02-02,48.011643,617.7,2459247.8842087104,212.0,13.739468,HAT-P-3b_1_OUT_a1,09:13:15
2020-06-02,45.443457,820.0500000000001,2459002.899128325,6312.0,22.366752,hat-p-40_p4,09:34:44
2020-06-02,45.443033,820.0500000000001,2459002.9089989304,6312.0,22.366926,hat-p-40_p4,09:48:57
2020-07-23,45.446751,820.0500000000001,2459053.770120807,7168.0,22.367113,hat-p-40_p4,06:28:58
2020-07-23,45.446258,820.0500000000001,2459053.779991473,7168.0,22.367274,hat-p-40_p4,06:43:11
2021-02-24,44.761898,511.2,2459269.9553247844,8486.0,17.106223,hat-p-67b,10:55:40
2021-02-24,44.761748,511.2,2459269.9616175694,8486.0,17.106316,hat-p-67b,11:04:43
2020-04-28,44.763974,308.85,2458967.7573076147,6437.0,17.106801,HAT-P-67b_IN_1,06:10:31
2020-04-28,44.763643,308.85,2458967.761255984,6437.0,17.106878,HAT-P-67b_IN_1,06:16:12
2020-04-28,44.763456,308.85,2458967.7652043686,6437.0,17.106957,HAT-P-67b_IN_1,06:21:53
2020-04-28,44.763237,308.85,2458967.7691525863,6437.0,17.107029,HAT-P-67b_IN_1,06:27:34
2020-04-28,44.76305,308.85,2458967.7731008427,6437.0,17.107089,HAT-P-67b_IN_1,06:33:15
2020-04-28,44.762969,308.85,2458967.7770490204,6437.0,17.107158,HAT-P-67b_IN_1,06:38:57
2020-04-28,44.762784,308.85,2458967.780997305,6437.0,17.107229,HAT-P-67b_IN_1,06:44:38
2020-04-28,44.762775,308.85,2458967.7849456794,6437.0,17.107301,HAT-P-67b_IN_1,06:50:19
2020-04-28,44.762575,308.85,2458967.7888940615,6437.0,17.107363,HAT-P-67b_IN_1,06:56:00
2020-04-28,44.762322,308.85,2458967.7928423453,6437.0,17.107427,HAT-P-67b_IN_1,07:01:41
2020-04-28,44.76229,308.85,2458967.796790768,6437.0,17.107485,HAT-P-67b_IN_1,07:07:22
2020-04-28,44.762212,308.85,2458967.8007386806,6437.0,17.107541,HAT-P-67b_IN_1,07:13:03
2020-04-28,44.762057,308.85,2458967.80468723,6437.0,17.107608,HAT-P-67b_IN_1,07:18:44
2020-04-28,44.762013,308.85,2458967.8086356875,6437.0,17.107669,HAT-P-67b_IN_1,07:24:26
2020-05-22,44.765938,308.85,2458991.6952047665,6587.0,17.106844,HAT-P-67b_IN_2,04:41:05
2020-05-22,44.765694,308.85,2458991.699153253,6587.0,17.106916,HAT-P-67b_IN_2,04:46:46
2020-05-22,44.765448,308.85,2458991.7031016243,6587.0,17.106988,HAT-P-67b_IN_2,04:52:27
2020-05-22,44.765338,308.85,2458991.7070497316,6587.0,17.107057,HAT-P-67b_IN_2,04:58:09
2020-05-22,44.765232,308.85,2458991.7109979107,6587.0,17.107116,HAT-P-67b_IN_2,05:03:50
2020-05-22,44.764945,308.85,2458991.7149461596,6587.0,17.107198,HAT-P-67b_IN_2,05:09:31
2020-05-22,44.764912,308.85,2458991.7188945943,6587.0,17.107269,HAT-P-67b_IN_2,05:15:12
2020-05-22,44.764767,308.85,2458991.722842787,6587.0,17.107347,HAT-P-67b_IN_2,05:20:53
2020-05-22,44.764488,308.85,2458991.726790991,6587.0,17.107408,HAT-P-67b_IN_2,05:26:34
2020-05-22,44.764364,308.85,2458991.730739361,6587.0,17.107473,HAT-P-67b_IN_2,05:32:15
2020-05-22,44.76424,308.85,2458991.7346876464,6587.0,17.107525,HAT-P-67b_IN_2,05:37:57
2020-05-22,44.764128,308.85,2458991.7386359647,6587.0,17.107601,HAT-P-67b_IN_2,05:43:38
2020-05-22,44.764087,308.85,2458991.742584231,6587.0,17.107653,HAT-P-67b_IN_2,05:49:19
2020-05-22,44.763816,308.85,2458991.7465326916,6587.0,17.107728,HAT-P-67b_IN_2,05:55:00
2020-06-15,44.768164,308.85,2459015.6342561548,6938.0,17.106909,HAT-P-67b_IN_3,03:13:19
2020-06-15,44.767792,308.85,2459015.63820442,6938.0,17.106979,HAT-P-67b_IN_3,03:19:00
2020-06-15,44.767746,308.85,2459015.642152591,6938.0,17.107035,HAT-P-67b_IN_3,03:24:41
2020-06-15,44.76758,308.85,2459015.646100959,6938.0,17.107103,HAT-P-67b_IN_3,03:30:23
2020-06-15,44.767436,308.85,2459015.650049104,6938.0,17.107145,HAT-P-67b_IN_3,03:36:04
2020-06-15,44.767252,308.85,2459015.6539976695,6938.0,17.107246,HAT-P-67b_IN_3,03:41:45
2020-06-15,44.767175,308.85,2459015.6579461303,6938.0,17.107295,HAT-P-67b_IN_3,03:47:26
2020-06-15,44.766835,308.85,2459015.6618940663,6938.0,17.107368,HAT-P-67b_IN_3,03:53:07
2020-06-15,44.766759,308.85,2459015.665842633,6938.0,17.107418,HAT-P-67b_IN_3,03:58:48
2020-04-27,44.764544,308.85,2458966.7702736123,6436.0,17.106775,HAT-P-67b_OUT_1_before1,06:29:11
2020-04-27,44.76424,308.85,2458966.7743438105,6436.0,17.106827,HAT-P-67b_OUT_1_before1,06:35:03
2020-04-27,44.764141,308.85,2458966.778418275,6436.0,17.1069,HAT-P-67b_OUT_1_before1,06:40:55
2020-04-27,44.763873,308.85,2458966.7824949473,6436.0,17.106974,HAT-P-67b_OUT_1_before1,06:46:47
2020-04-29,44.76493,308.85,2458968.773847619,6438.0,17.106673,HAT-P-67b_OUT_1_after1,06:34:20
2020-04-29,44.764731,308.85,2458968.777795842,6438.0,17.106749,HAT-P-67b_OUT_1_after1,06:40:01
2020-04-29,44.764633,308.85,2458968.781744182,6438.0,17.106817,HAT-P-67b_OUT_1_after1,06:45:42
2020-04-29,44.764531,308.85,2458968.7856925637,6438.0,17.106878,HAT-P-67b_OUT_1_after1,06:51:23
2020-05-20,44.78275,308.85,2458989.94688997,6599.0,17.107624,HAT-P-67b_OUT_2_before2,10:43:31
2020-05-20,44.781504,308.85,2458989.950838237,6599.0,17.107668,HAT-P-67b_OUT_2_before2,10:49:12
2020-05-20,44.780211,308.85,2458989.9547866844,6599.0,17.107719,HAT-P-67b_OUT_2_before2,10:54:53
2020-05-20,44.77921,308.85,2458989.9587348187,6599.0,17.107778,HAT-P-67b_OUT_2_before2,11:00:34
2020-05-21,44.782995,308.85,2458990.9327065917,6588.0,17.107695,HAT-P-67b_OUT_2_before1,10:23:05
2020-05-21,44.781573,308.85,2458990.936654777,6588.0,17.107731,HAT-P-67b_OUT_2_before1,10:28:46
2020-05-21,44.780368,308.85,2458990.9406031384,6588.0,17.107773,HAT-P-67b_OUT_2_before1,10:34:28
2020-05-21,44.77917,308.85,2458990.9445516467,6588.0,17.10781,HAT-P-67b_OUT_2_before1,10:40:09
2020-05-23,44.783203,308.85,2458992.9277853277,6589.0,17.107654,HAT-P-67b_OUT_2_after1,10:16:00
2020-05-23,44.781895,308.85,2458992.9317334336,6589.0,17.107688,HAT-P-67b_OUT_2_after1,10:21:41
2020-05-23,44.780749,308.85,2458992.935681862,6589.0,17.107718,HAT-P-67b_OUT_2_after1,10:27:22
2020-05-23,44.779639,308.85,2458992.939630175,6589.0,17.107763,HAT-P-67b_OUT_2_after1,10:33:04
2020-05-24,44.782834,308.85,2458993.93210912,6600.0,17.107668,HAT-P-67b_OUT_2_after2,10:22:14
2020-05-24,44.781654,308.85,2458993.936057514,6600.0,17.107708,HAT-P-67b_OUT_2_after2,10:27:55
2020-05-24,44.780276,308.85,2458993.9400058663,6600.0,17.107744,HAT-P-67b_OUT_2_after2,10:33:36
2020-05-24,44.779039,308.85,2458993.9439541413,6600.0,17.107789,HAT-P-67b_OUT_2_after2,10:39:17
2020-06-13,44.785061,308.85,2459013.8846909334,6941.0,17.107689,HAT-P-67b_OUT_3_before2,09:13:57
2020-06-13,44.783754,308.85,2459013.8886393085,6941.0,17.107743,HAT-P-67b_OUT_3_before2,09:19:38
2020-06-13,44.782668,308.85,2459013.892587688,6941.0,17.107795,HAT-P-67b_OUT_3_before2,09:25:19
2020-06-14,44.785228,308.85,2459014.8808869235,6939.0,17.107679,HAT-P-67b_OUT_3_before1,09:08:28
2020-06-14,44.783951,308.85,2459014.8848351873,6939.0,17.107713,HAT-P-67b_OUT_3_before1,09:14:09
2020-06-14,44.782721,308.85,2459014.888783783,6939.0,17.107767,HAT-P-67b_OUT_3_before1,09:19:50
2020-06-14,44.781659,308.85,2459014.892731892,6939.0,17.107823,HAT-P-67b_OUT_3_before1,09:25:32
2020-06-15,44.783524,308.85,2459015.874976189,6943.0,17.107765,HAT-P-67b_OUT_same3,08:59:57
2020-06-15,44.782226,308.85,2459015.8789243554,6943.0,17.107803,HAT-P-67b_OUT_same3,09:05:39
2020-06-15,44.780921,308.85,2459015.8828729396,6943.0,17.107841,HAT-P-67b_OUT_same3,09:11:20
2020-06-15,44.77972,308.85,2459015.886821066,6943.0,17.107889,HAT-P-67b_OUT_same3,09:17:01
2020-06-15,44.778571,308.85,2459015.8907692144,6943.0,17.107938,HAT-P-67b_OUT_same3,09:22:42
2020-06-15,44.777286,308.85,2459015.89471743,6943.0,17.108007,HAT-P-67b_OUT_same3,09:28:23
2020-06-15,44.776196,308.85,2459015.8986657443,6943.0,17.108044,HAT-P-67b_OUT_same3,09:34:04
2020-06-15,44.774972,308.85,2459015.9026140417,6943.0,17.108092,HAT-P-67b_OUT_same3,09:39:45
2020-06-15,44.773796,308.85,2459015.9065622753,6943.0,17.108157,HAT-P-67b_OUT_same3,09:45:26
2020-06-16,44.785595,308.85,2459016.869060694,6940.0,17.107685,HAT-P-67b_OUT_3_after1,08:51:26
2020-06-16,44.784378,308.85,2459016.873008914,6940.0,17.107727,HAT-P-67b_OUT_3_after1,08:57:07
2020-06-16,44.783087,308.85,2459016.8769569886,6940.0,17.107751,HAT-P-67b_OUT_3_after1,09:02:49
2020-06-16,44.781929,308.85,2459016.880905232,6940.0,17.107796,HAT-P-67b_OUT_3_after1,09:08:30
2020-06-18,44.785281,308.85,2459018.8740068753,6942.0,17.107699,HAT-P-67b_OUT_3_after2,08:58:34
2020-06-18,44.784069,308.85,2459018.877955376,6942.0,17.107753,HAT-P-67b_OUT_3_after2,09:04:15
2020-06-18,44.78292,308.85,2459018.8819036116,6942.0,17.10782,HAT-P-67b_OUT_3_after2,09:09:56
2020-06-18,44.781739,308.85,2459018.8858515667,6942.0,17.107881,HAT-P-67b_OUT_3_after2,09:15:37
2020-07-22,44.788439,511.2,2459052.789115412,7147.0,17.10752,Hat-P-67,06:56:19
2020-07-22,44.7865,511.2,2459052.795407885,7147.0,17.107601,Hat-P-67,07:05:23
2020-08-01,44.78863,511.2,2459062.7454122766,7227.0,17.107519,Hat-P-67,05:53:23
2020-08-01,44.786756,511.2,2459062.7517045857,7227.0,17.107585,Hat-P-67,06:02:27
2021-01-31,44.763565,511.2,2459246.0262003047,8486.0,17.105958,hat-p-67b,12:37:43
2021-01-31,44.763601,511.2,2459246.032492967,8486.0,17.106031,hat-p-67b,12:46:47
2021-02-01,44.76262,511.2,2459247.0188089237,8486.0,17.106015,hat-p-67b,12:27:05
2021-02-01,44.762381,511.2,2459247.025101348,8486.0,17.106097,hat-p-67b,12:36:08
2021-02-26,44.7623,511.2,2459271.936468128,8486.0,17.106223,hat-p-67b,10:28:30
2021-02-26,44.762153,511.2,2459271.9427606836,8486.0,17.106297,hat-p-67b,10:37:34
2021-03-04,44.762375,511.2,2459277.9294781005,8486.0,17.106297,hat-p-67b,10:18:26
2021-03-04,44.762237,511.2,2459277.9357705936,8486.0,17.106412,hat-p-67b,10:27:30
2021-01-07,53.710887,308.85,2459221.919417099,127.0,13.566519,HD118203b_1_IN,10:03:57
2021-01-07,53.710419,308.85,2459221.923365174,127.0,13.566589,HD118203b_1_IN,10:09:38
2021-01-07,53.710086,308.85,2459221.927313647,127.0,13.566647,HD118203b_1_IN,10:15:19
2021-01-07,53.709672,308.85,2459221.9312622733,127.0,13.566714,HD118203b_1_IN,10:21:01
2021-01-07,53.709351,308.85,2459221.9352102103,127.0,13.566786,HD118203b_1_IN,10:26:42
2021-01-07,53.709073,308.85,2459221.939158509,127.0,13.566848,HD118203b_1_IN,10:32:23
2021-01-07,53.70875,308.85,2459221.943106879,127.0,13.566914,HD118203b_1_IN,10:38:04
2021-01-07,53.708494,308.85,2459221.9470552662,127.0,13.566995,HD118203b_1_IN,10:43:45
2021-01-07,53.708299,308.85,2459221.9510038737,127.0,13.567066,HD118203b_1_IN,10:49:26
2021-01-07,53.708165,308.85,2459221.954951815,127.0,13.567136,HD118203b_1_IN,10:55:07
2021-01-07,53.707961,308.85,2459221.958900054,127.0,13.567204,HD118203b_1_IN,11:00:48
2021-01-07,53.707706,308.85,2459221.962848472,127.0,13.56728,HD118203b_1_IN,11:06:30
2021-01-07,53.707563,308.85,2459221.9667966045,127.0,13.567344,HD118203b_1_IN,11:12:11
2021-01-07,53.707415,308.85,2459221.9707449805,127.0,13.567419,HD118203b_1_IN,11:17:52
2021-01-07,53.707389,308.85,2459221.9746931223,127.0,13.567489,HD118203b_1_IN,11:23:33
2021-01-07,53.707441,308.85,2459221.978641352,127.0,13.567571,HD118203b_1_IN,11:29:14
2021-01-07,53.707478,308.85,2459221.9825899187,127.0,13.567646,HD118203b_1_IN,11:34:55
2021-01-07,53.707585,308.85,2459221.986537963,127.0,13.567722,HD118203b_1_IN,11:40:36
2021-02-19,53.712359,308.85,2459264.8037621574,9065.0,13.566895,HD118203b_5_IN,07:17:25
2021-02-19,53.711918,308.85,2459264.807710511,9065.0,13.56697,HD118203b_5_IN,07:23:06
2021-02-19,53.711573,308.85,2459264.8116588006,9065.0,13.567021,HD118203b_5_IN,07:28:47
2021-02-19,53.71125,308.85,2459264.815606985,9065.0,13.567086,HD118203b_5_IN,07:34:28
2021-02-19,53.710928,308.85,2459264.8195553725,9065.0,13.567147,HD118203b_5_IN,07:40:09
2021-02-19,53.710677,308.85,2459264.8235036437,9065.0,13.56722,HD118203b_5_IN,07:45:50
2021-02-19,53.710395,308.85,2459264.827452036,9065.0,13.567288,HD118203b_5_IN,07:51:31
2021-02-19,53.710206,308.85,2459264.8314003204,9065.0,13.567354,HD118203b_5_IN,07:57:12
2021-02-19,53.710138,308.85,2459264.835348554,9065.0,13.567427,HD118203b_5_IN,08:02:54
2021-02-19,53.709909,308.85,2459264.839296808,9065.0,13.567486,HD118203b_5_IN,08:08:35
2021-02-19,53.709722,308.85,2459264.8432450937,9065.0,13.567557,HD118203b_5_IN,08:14:16
2021-02-19,53.709485,308.85,2459264.847193378,9065.0,13.567629,HD118203b_5_IN,08:19:57
2021-02-19,53.709407,308.85,2459264.8511416665,9065.0,13.567694,HD118203b_5_IN,08:25:38
2021-02-19,53.709299,308.85,2459264.855089665,9065.0,13.567752,HD118203b_5_IN,08:31:19
2021-02-19,53.709361,308.85,2459264.859038319,9065.0,13.567829,HD118203b_5_IN,08:37:00
2021-02-19,53.709351,308.85,2459264.862986707,9065.0,13.567904,HD118203b_5_IN,08:42:42
2021-02-19,53.70934,308.85,2459264.8669347684,9065.0,13.567967,HD118203b_5_IN,08:48:23
2021-02-19,53.709436,308.85,2459264.8708828352,9065.0,13.568032,HD118203b_5_IN,08:54:04
2021-02-19,53.727368,308.85,2459265.004875287,9066.0,13.567775,HD118203b_5_OUT_d,12:07:01
2021-02-19,53.726379,308.85,2459265.0088233077,9066.0,13.567786,HD118203b_5_OUT_d,12:12:42
2021-02-19,53.725721,308.85,2459265.0127717378,9066.0,13.567818,HD118203b_5_OUT_d,12:18:23
2021-02-19,53.724989,308.85,2459265.0167200277,9066.0,13.567846,HD118203b_5_OUT_d,12:24:04
2021-02-19,53.724355,308.85,2459265.020668143,9066.0,13.567879,HD118203b_5_OUT_d,12:29:45
2021-02-19,53.723686,308.85,2459265.0246166983,9066.0,13.567912,HD118203b_5_OUT_d,12:35:26
2021-02-19,53.723102,308.85,2459265.028565088,9066.0,13.56793,HD118203b_5_OUT_d,12:41:08
2021-02-19,53.72245,308.85,2459265.0325133097,9066.0,13.567958,HD118203b_5_OUT_d,12:46:49
2021-02-19,53.721827,308.85,2459265.036461632,9066.0,13.567976,HD118203b_5_OUT_d,12:52:30
2021-01-05,53.711704,308.85,2459219.9524632497,128.0,13.566541,HD118203b_1_OUT_b2,10:51:32
2021-01-05,53.711438,308.85,2459219.9564115736,128.0,13.566615,HD118203b_1_OUT_b2,10:57:13
2021-01-06,53.711466,308.85,2459220.9466739874,129.0,13.56657,HD118203b_1_OUT_b1,10:43:12
2021-01-06,53.711226,308.85,2459220.950622369,129.0,13.566663,HD118203b_1_OUT_b1,10:48:53
2021-01-08,53.71192,308.85,2459222.9470646596,130.0,13.566584,HD118203b_1_OUT_a1,10:43:46
2021-01-08,53.711727,308.85,2459222.9510130505,130.0,13.566653,HD118203b_1_OUT_a1,10:49:27
2021-01-09,53.7123,308.85,2459223.9448522762,131.0,13.566506,HD118203b_1_OUT_a2,10:40:35
2021-01-09,53.712208,308.85,2459223.9488004157,131.0,13.566574,HD118203b_1_OUT_a2,10:46:16
2021-02-20,53.712157,308.85,2459265.818826265,9069.0,13.567131,HD118203b_5_OUT_a1,07:39:06
2021-02-20,53.711867,308.85,2459265.8227745355,9069.0,13.567203,HD118203b_5_OUT_a1,07:44:47
2021-01-26,53.711127,213.0,2459240.8978430307,8490.0,13.566761,HD118203,09:32:53
2021-01-26,53.710981,213.0,2459240.9006799944,8490.0,13.566818,HD118203,09:36:58
2020-05-12,22.700304,213.0,2458981.8850242696,6244.0,20.011033,HD189733,09:14:26
2020-05-12,22.700363,213.0,2458981.887862084,6244.0,20.011071,HD189733,09:18:31
2020-07-24,22.718682,213.0,2459054.8972141044,7145.0,20.011936,HD189733,09:31:59
2020-07-24,22.716416,213.0,2459054.9000518206,7145.0,20.011994,HD189733,09:36:04
2020-08-01,22.705107,106.5,2459062.643250477,7225.0,20.011362,HD189733,03:26:16
2020-08-01,22.705231,106.5,2459062.6448542266,7225.0,20.011394,HD189733,03:28:35
2020-08-19,22.719906,213.0,2459080.816968262,4596.0,20.011791,HD_189733_P4,07:36:26
2020-08-19,22.717603,213.0,2459080.8198060333,4596.0,20.011841,HD_189733_P4,07:40:31
2020-11-24,22.719705,213.0,2459177.5540056615,4596.0,20.011169,HD_189733_P4,01:17:46
2020-11-24,22.717427,213.0,2459177.5568436994,4596.0,20.011221,HD_189733_P4,01:21:51
2020-12-30,27.35438,191.7,2459213.725839887,153.0,7.831672,HD63433b_3_OUT_b1,05:25:12
2020-12-30,27.354351,191.7,2459213.728430908,153.0,7.831716,HD63433b_3_OUT_b1,05:28:56
2020-12-30,27.354553,191.7,2459213.7310218103,153.0,7.831751,HD63433b_3_OUT_b1,05:32:40
2021-02-14,27.355087,191.7,2459259.6037295796,8965.0,7.831741,HD63433b_4_OUT_a2,02:29:22
2021-02-14,27.355101,191.7,2459259.6063207895,8965.0,7.831737,HD63433b_4_OUT_a2,02:33:06
2021-02-14,27.354882,191.7,2459259.6089124153,8965.0,7.831803,HD63433b_4_OUT_a2,02:36:50
2020-12-17,27.353429,191.7,2459200.7437439067,138.0,7.831577,HD63433b_1_IN,05:50:59
2020-12-17,27.353521,191.7,2459200.7463352033,138.0,7.831603,HD63433b_1_IN,05:54:43
2020-12-17,27.353576,191.7,2459200.7489260156,138.0,7.831632,HD63433b_1_IN,05:58:27
2020-12-17,27.353622,191.7,2459200.7515174383,138.0,7.831669,HD63433b_1_IN,06:02:11
2020-12-17,27.353972,191.7,2459200.754108801,138.0,7.831698,HD63433b_1_IN,06:05:55
2020-12-17,27.35391,191.7,2459200.7566996063,138.0,7.831728,HD63433b_1_IN,06:09:38
2020-12-17,27.353955,191.7,2459200.759290924,138.0,7.831755,HD63433b_1_IN,06:13:22
2020-12-17,27.354011,191.7,2459200.761881774,138.0,7.831789,HD63433b_1_IN,06:17:06
2020-12-17,27.354112,191.7,2459200.764473251,138.0,7.831834,HD63433b_1_IN,06:20:50
2020-12-17,27.353985,191.7,2459200.767063448,138.0,7.831864,HD63433b_1_IN,06:24:34
2020-12-17,27.353924,191.7,2459200.769655602,138.0,7.83189,HD63433b_1_IN,06:28:18
2020-12-17,27.35399,191.7,2459200.7722463077,138.0,7.831907,HD63433b_1_IN,06:32:02
2020-12-17,27.353928,191.7,2459200.7748375223,138.0,7.831936,HD63433b_1_IN,06:35:45
2020-12-17,27.353811,191.7,2459200.777428421,138.0,7.83197,HD63433b_1_IN,06:39:29
2020-12-17,27.353751,191.7,2459200.780019653,138.0,7.831991,HD63433b_1_IN,06:43:13
2020-12-17,27.353529,191.7,2459200.7826108807,138.0,7.832015,HD63433b_1_IN,06:46:57
2020-12-17,27.353383,191.7,2459200.7852017554,138.0,7.832038,HD63433b_1_IN,06:50:41
2020-12-17,27.353193,191.7,2459200.787793117,138.0,7.832052,HD63433b_1_IN,06:54:25
2021-02-12,27.354352,191.7,2459257.586691687,8734.0,7.831642,HD63433b_4_IN,02:04:50
2021-02-12,27.35449,191.7,2459257.5892830207,8734.0,7.831683,HD63433b_4_IN,02:08:34
2021-02-12,27.354654,191.7,2459257.591874236,8734.0,7.831715,HD63433b_4_IN,02:12:17
2021-02-12,27.354757,191.7,2459257.5944653116,8734.0,7.83175,HD63433b_4_IN,02:16:01
2021-02-12,27.354871,191.7,2459257.597056574,8734.0,7.831782,HD63433b_4_IN,02:19:45
2021-02-12,27.35502,191.7,2459257.5996470326,8734.0,7.831808,HD63433b_4_IN,02:23:29
2021-02-12,27.355144,191.7,2459257.6022384968,8734.0,7.831844,HD63433b_4_IN,02:27:13
2021-02-12,27.355116,191.7,2459257.604830049,8734.0,7.831886,HD63433b_4_IN,02:30:57
2021-02-12,27.355215,191.7,2459257.6074210433,8734.0,7.831916,HD63433b_4_IN,02:34:41
2021-02-12,27.355237,191.7,2459257.610011941,8734.0,7.831954,HD63433b_4_IN,02:38:25
2021-02-12,27.355161,191.7,2459257.612602933,8734.0,7.831987,HD63433b_4_IN,02:42:08
2021-02-12,27.35502,191.7,2459257.615194224,8734.0,7.832018,HD63433b_4_IN,02:45:52
2021-02-12,27.355057,191.7,2459257.6177851623,8734.0,7.83204,HD63433b_4_IN,02:49:36
2021-02-12,27.354975,191.7,2459257.620375953,8734.0,7.832068,HD63433b_4_IN,02:53:20
2021-02-12,27.354851,191.7,2459257.6229675207,8734.0,7.832093,HD63433b_4_IN,02:57:04
2021-02-12,27.354751,191.7,2459257.6255584373,8734.0,7.832126,HD63433b_4_IN,03:00:48
2021-02-12,27.354631,191.7,2459257.628149655,8734.0,7.832156,HD63433b_4_IN,03:04:32
2021-02-12,27.35437,191.7,2459257.6307405415,8734.0,7.832175,HD63433b_4_IN,03:08:15
2021-02-26,27.370834,191.7,2459271.7849543095,9113.0,7.832305,HD63433b_6_IN,06:50:20
2021-02-26,27.369026,191.7,2459271.7875457173,9113.0,7.832327,HD63433b_6_IN,06:54:03
2021-02-26,27.367125,191.7,2459271.790136499,9113.0,7.832359,HD63433b_6_IN,06:57:47
2020-12-15,27.35451,191.7,2459198.7691464517,140.0,7.831615,HD63433b_1_OUT_b2,06:27:34
2020-12-15,27.354552,191.7,2459198.7717377525,140.0,7.831649,HD63433b_1_OUT_b2,06:31:18
2020-12-15,27.354477,191.7,2459198.7743288986,140.0,7.831677,HD63433b_1_OUT_b2,06:35:02
2020-12-16,27.354684,191.7,2459199.766932221,141.0,7.831608,HD63433b_1_OUT_b1,06:24:22
2020-12-16,27.35468,191.7,2459199.7695236215,141.0,7.831639,HD63433b_1_OUT_b1,06:28:06
2020-12-16,27.354488,191.7,2459199.772114746,141.0,7.83167,HD63433b_1_OUT_b1,06:31:50
2020-12-17,27.369174,191.7,2459200.977677586,139.0,7.832232,HD63433b_1_OUT_d,11:27:51
2020-12-17,27.36736,191.7,2459200.9802685734,139.0,7.832253,HD63433b_1_OUT_d,11:31:35
2020-12-17,27.365537,191.7,2459200.9828598527,139.0,7.832271,HD63433b_1_OUT_d,11:35:19
2020-12-18,27.354466,191.7,2459201.7680610144,142.0,7.831693,HD63433b_1_OUT_a1,06:26:00
2020-12-18,27.35458,191.7,2459201.770651867,142.0,7.831715,HD63433b_1_OUT_a1,06:29:44
2020-12-18,27.354471,191.7,2459201.773243528,142.0,7.831735,HD63433b_1_OUT_a1,06:33:28
2020-12-22,27.354664,191.7,2459205.7436742317,146.0,7.83167,HD63433b_2_OUT_b2,05:50:53
2020-12-22,27.354648,191.7,2459205.74626525,146.0,7.831715,HD63433b_2_OUT_b2,05:54:37
2020-12-22,27.354894,191.7,2459205.7488562507,146.0,7.831748,HD63433b_2_OUT_b2,05:58:21
2020-12-23,27.353709,191.7,2459206.751949341,147.0,7.831663,HD63433b_2_OUT_b1,06:02:48
2020-12-23,27.353529,191.7,2459206.7545401785,147.0,7.831696,HD63433b_2_OUT_b1,06:06:32
2020-12-23,27.353575,191.7,2459206.757131729,147.0,7.831728,HD63433b_2_OUT_b1,06:10:16
2020-12-29,27.355005,191.7,2459212.7327410006,152.0,7.831698,HD63433b_3_OUT_b2,05:35:08
2020-12-29,27.354952,191.7,2459212.7353319824,152.0,7.831738,HD63433b_3_OUT_b2,05:38:52
2020-12-29,27.354828,191.7,2459212.7379228496,152.0,7.831773,HD63433b_3_OUT_b2,05:42:36
2020-12-30,27.369191,191.7,2459213.9465700667,153.0,7.832292,HD63433b_3_OUT_b1,10:43:03
2020-12-30,27.367039,191.7,2459213.9491612576,153.0,7.832315,HD63433b_3_OUT_b1,10:46:47
2020-12-30,27.365464,191.7,2459213.951752247,153.0,7.832346,HD63433b_3_OUT_b1,10:50:31
2021-02-10,27.35554,191.7,2459255.611355811,8963.0,7.831697,HD63433b_4_OUT_b2,02:40:21
2021-02-10,27.355653,191.7,2459255.6139467396,8963.0,7.831743,HD63433b_4_OUT_b2,02:44:04
2021-02-10,27.35565,191.7,2459255.6165383314,8963.0,7.831777,HD63433b_4_OUT_b2,02:47:48
2021-02-11,27.354533,191.7,2459256.5974211656,8737.0,7.831692,HD63433b_4_OUT_b1,02:20:17
2021-02-11,27.354747,191.7,2459256.600011759,8737.0,7.831716,HD63433b_4_OUT_b1,02:24:01
2021-02-11,27.354853,191.7,2459256.602602991,8737.0,7.831757,HD63433b_4_OUT_b1,02:27:44
2021-02-12,27.369551,191.7,2459257.8211190887,8735.0,7.832337,HD63433b_4_OUT_d,07:42:24
2021-02-12,27.367747,191.7,2459257.8237102977,8735.0,7.832353,HD63433b_4_OUT_d,07:46:08
2021-02-12,27.365965,191.7,2459257.826301197,8735.0,7.832376,HD63433b_4_OUT_d,07:49:52
2021-02-26,27.354725,191.7,2459271.5909970026,9114.0,7.831634,HD63433b_6_OUT_d,02:11:02
2021-02-26,27.354802,191.7,2459271.593587956,9114.0,7.831645,HD63433b_6_OUT_d,02:14:45
2021-02-26,27.354456,191.7,2459271.596179168,9114.0,7.83168,HD63433b_6_OUT_d,02:18:29
2020-11-25,20.099462,511.2,2459178.8597567687,4605.0,8.639462,K2-100b_P4,08:38:02
2020-11-25,20.099737,511.2,2459178.8660491835,4605.0,8.639582,K2-100b_P4,08:47:06
2021-02-22,12.579795,915.9,2459267.807860503,8512.0,8.689453,k2-101b,07:23:19
2021-02-22,12.57051,915.9,2459267.8188415747,8512.0,8.689646,k2-101b,07:39:07
2020-12-29,-8.740946,820.0500000000001,2459213.012941598,8499.0,12.143576,k2-132b,12:18:38
2020-12-29,-8.746914,820.0500000000001,2459213.0228118408,8499.0,12.143937,k2-132b,12:32:50
2021-01-06,-8.741073,820.0500000000001,2459220.9944227384,8499.0,12.143565,k2-132b,11:51:58
2021-01-06,-8.74742,820.0500000000001,2459221.004293068,8499.0,12.143918,k2-132b,12:06:10
2020-11-26,22.889493,415.35,2459179.8828446614,6719.0,4.494463,k2-136c_1_IN,09:11:17
2020-11-26,22.885516,415.35,2459179.8880267283,6719.0,4.494523,k2-136c_1_IN,09:18:45
2020-11-26,22.882206,415.35,2459179.8932087733,6719.0,4.494575,k2-136c_1_IN,09:26:13
2020-11-26,22.880346,415.35,2459179.8983906577,6719.0,4.494622,k2-136c_1_IN,09:33:40
2020-11-26,22.875474,415.35,2459179.90357265,6719.0,4.494729,k2-136c_1_IN,09:41:08
2020-11-26,22.869028,415.35,2459179.908754911,6719.0,4.494849,k2-136c_1_IN,09:48:36
2020-11-26,22.864865,415.35,2459179.913937082,6719.0,4.494949,k2-136c_1_IN,09:56:04
2020-11-26,22.860319,415.35,2459179.9191191723,6719.0,4.495068,k2-136c_1_IN,10:03:31
2020-11-24,22.874864,415.35,2459177.6818295796,6721.0,4.493811,k2-136c_1_OUT_b2,04:21:50
2020-11-24,22.874924,415.35,2459177.6870119567,6721.0,4.493892,k2-136c_1_OUT_b2,04:29:17
2020-11-24,22.875071,415.35,2459177.692194191,6721.0,4.493968,k2-136c_1_OUT_b2,04:36:45
2020-11-24,22.874923,415.35,2459177.6973758517,6721.0,4.494041,k2-136c_1_OUT_b2,04:44:13
2020-11-25,22.890827,415.35,2459178.905285299,6722.0,4.494429,k2-136c_1_OUT_b1,09:43:36
2020-11-25,22.886757,415.35,2459178.9104672023,6722.0,4.494523,k2-136c_1_OUT_b1,09:51:04
2020-11-25,22.882448,415.35,2459178.9156493596,6722.0,4.494623,k2-136c_1_OUT_b1,09:58:32
2020-11-25,22.878078,415.35,2459178.9208314004,6722.0,4.494738,k2-136c_1_OUT_b1,10:05:59
2020-11-26,22.875235,415.35,2459179.6772887874,6720.0,4.493961,k2-136c_1_OUT_d,04:15:17
2020-11-26,22.87538,415.35,2459179.682471083,6720.0,4.494038,k2-136c_1_OUT_d,04:22:45
2020-11-26,22.875514,415.35,2459179.687653208,6720.0,4.494115,k2-136c_1_OUT_d,04:30:13
2020-11-26,22.875358,415.35,2459179.692835325,6720.0,4.49418,k2-136c_1_OUT_d,04:37:40
2020-11-26,22.875272,415.35,2459179.6980174826,6720.0,4.494238,k2-136c_1_OUT_d,04:45:08
2020-11-26,22.874946,415.35,2459179.7031994546,6720.0,4.49429,k2-136c_1_OUT_d,04:52:36
2020-11-26,22.874729,415.35,2459179.7083812235,6720.0,4.494352,k2-136c_1_OUT_d,05:00:04
2020-11-26,22.875055,415.35,2459179.6721068197,6720,4.493896,k2-136c_1_OUT_d,04:07:50
2020-11-27,22.875208,415.35,2459180.6685406785,6723,4.493938,k2-136c_1_OUT_a1,04:02:41
2020-11-27,22.875177,415.35,2459180.673722786,6723,4.493955,k2-136c_1_OUT_a1,04:10:09
2020-11-27,22.87561,415.35,2459180.678904883,6723,4.494087,k2-136c_1_OUT_a1,04:17:37
2020-11-27,22.875633,415.35,2459180.6840869556,6723,4.494151,k2-136c_1_OUT_a1,04:25:05
2020-11-28,22.874755,415.35,2459181.6711440184,6724,4.493823,k2-136c_1_OUT_a2,04:06:26
2020-11-28,22.874786,415.35,2459181.676326041,6724,4.493908,k2-136c_1_OUT_a2,04:13:54
2020-11-28,22.874865,415.35,2459181.68150827,6724,4.493977,k2-136c_1_OUT_a2,04:21:22
2020-11-28,22.874735,415.35,2459181.6866902034,6724,4.494046,k2-136c_1_OUT_a2,04:28:50
2020-07-23,-1.191329,511.2,2459053.874748991,7153,23.393466,k2-141_p4,08:59:38
2020-07-23,-1.192696,511.2,2459053.881041398,7153,23.393665,k2-141_p4,09:08:41
2020-12-07,0.49524,511.2,2459190.9730152823,178,10.867869,k2-261,11:21:08
2020-12-07,0.493254,511.2,2459190.979307745,178,10.868036,k2-261,11:30:12
2020-12-28,0.501403,511.2,2459212.015277301,8489,10.868287,k2-261,12:21:59
2020-12-28,0.496189,511.2,2459212.0215700627,8489,10.868483,k2-261,12:31:03
2020-03-11,0.936594,10.65,2458919.685021274,3201,10.528535,k2-266_in,04:26:25
2020-03-11,0.93542,10.65,2458919.6913137306,3201,10.528723,k2-266_in,04:35:29
2020-03-11,0.9339,10.65,2458919.6976061114,3201,10.528904,k2-266_in,04:44:33
2020-03-11,0.932421,10.65,2458919.7038986036,3201,10.529096,k2-266_in,04:53:36
2020-03-11,0.930508,10.65,2458919.710191234,3201,10.529276,k2-266_in,05:02:40
2020-03-11,0.928746,10.65,2458919.716483727,3201,10.52947,k2-266_in,05:11:44
2020-03-10,0.943899,10.65,2458918.800495558,3203,10.528786,k2-266_out_before1,07:12:42
2020-03-10,0.938767,10.65,2458918.80678824,3203,10.528966,k2-266_out_before1,07:21:46
2020-03-10,0.933541,10.65,2458918.8130805404,3203,10.529156,k2-266_out_before1,07:30:50
2020-03-10,0.928031,10.65,2458918.819373111,3203,10.52935,k2-266_out_before1,07:39:53
2020-03-11,0.943978,10.65,2458919.7923635067,3202,10.528751,k2-266_out_same,07:01:00
2020-03-11,0.939304,10.65,2458919.798656171,3202,10.528903,k2-266_out_same,07:10:03
2020-03-11,0.934222,10.65,2458919.8049485334,3202,10.529081,k2-266_out_same,07:19:07
2020-03-11,0.928894,10.65,2458919.8112411452,3202,10.529274,k2-266_out_same,07:28:11
2020-03-11,0.923521,10.65,2458919.8175335727,3202,10.52947,k2-266_out_same,07:37:14
2020-03-11,0.917663,10.65,2458919.8238261268,3202,10.529702,k2-266_out_same,07:46:18
2020-03-12,0.936569,10.65,2458920.6919402573,3204,10.528493,k2-266_out_after1,04:36:23
2020-03-12,0.935165,10.65,2458920.6982326815,3204,10.528673,k2-266_out_after1,04:45:27
2020-03-12,0.933254,10.65,2458920.7045251727,3204,10.528856,k2-266_out_after1,04:54:30
2020-03-12,0.931542,10.65,2458920.710818101,3204,10.529044,k2-266_out_after1,05:03:34
2020-04-02,0.942427,10.65,2458941.738735739,6247,10.52875,K2-266b,05:43:46
2020-04-02,0.936427,10.65,2458941.746262179,6247,10.528972,K2-266b,05:54:37
2020-12-09,0.939059,511.2,2459192.9470064626,159,10.528204,k2-266b,10:43:41
2020-12-09,0.937589,511.2,2459192.9532993394,159,10.528378,k2-266b,10:52:45
2020-12-26,0.945411,511.2,2459210.0104522505,8511,10.528597,k2-266b,12:15:03
2020-12-26,0.940005,511.2,2459210.0167448116,8511,10.528783,k2-266b,12:24:06
2021-01-06,3.874929,820.0500000000001,2459221.0183589123,8515,11.296121,k2-36c,12:26:26
2021-01-06,3.866701,820.0500000000001,2459221.0282293553,8515,11.296387,k2-36c,12:40:39
2020-12-26,3.86629,820.0500000000001,2459209.922974546,8515,11.295709,k2-36c,10:09:05
2020-12-26,3.864411,820.0500000000001,2459209.9328450174,8515,11.295978,k2-36c,10:23:17
2020-12-28,-1.447781,617.7,2459212.0327979443,8520,11.488327,k2-3b,12:47:13
2020-12-28,-1.453406,617.7,2459212.0403242204,8520,11.488567,k2-3b,12:58:04
2020-12-19,12.579082,660.3000000000001,2459202.7688127216,8232,3.681825,K2-77b_2_IN,06:27:05
2020-12-19,12.572636,660.3000000000001,2459202.776832766,8232,3.681944,K2-77b_2_IN,06:38:38
2020-12-19,12.565963,660.3000000000001,2459202.7848526896,8232,3.682077,K2-77b_2_IN,06:50:11
2020-12-19,12.559049,660.3000000000001,2459202.792872269,8232,3.682233,K2-77b_2_IN,07:01:44
2020-12-19,12.551671,660.3000000000001,2459202.800892259,8232,3.682417,K2-77b_2_IN,07:13:17
2020-12-21,12.578737,660.3000000000001,2459204.767105895,8237,3.681826,K2-77b_2_OUT_a2,06:24:37
2020-12-21,12.572394,660.3000000000001,2459204.7751259226,8237,3.681956,K2-77b_2_OUT_a2,06:36:10
2020-12-21,12.565331,660.3000000000001,2459204.783145641,8237,3.682089,K2-77b_2_OUT_a2,06:47:43
2020-12-21,12.558007,660.3000000000001,2459204.791165299,8237,3.68227,K2-77b_2_OUT_a2,06:59:16
2020-12-10,12.577015,660.3000000000001,2459193.7937803674,8230,3.681935,K2-77b_1_OUT_b1,07:03:02
2020-12-10,12.570407,660.3000000000001,2459193.80180005,8230,3.682062,K2-77b_1_OUT_b1,07:14:35
2020-12-10,12.563701,660.3000000000001,2459193.809819645,8230,3.682203,K2-77b_1_OUT_b1,07:26:08
2020-12-10,12.556811,660.3000000000001,2459193.8178396253,8230,3.682366,K2-77b_1_OUT_b1,07:37:41
2020-12-18,12.567185,660.3000000000001,2459201.5917486786,8235,3.681459,K2-77b_2_OUT_b1,02:12:07
2020-12-18,12.567657,660.3000000000001,2459201.599768517,8235,3.681623,K2-77b_2_OUT_b1,02:23:39
2020-12-18,12.567816,660.3000000000001,2459201.60778826,8235,3.681771,K2-77b_2_OUT_b1,02:35:12
2020-12-18,12.567491,660.3000000000001,2459201.6158080166,8235,3.681917,K2-77b_2_OUT_b1,02:46:45
2020-12-19,12.566837,660.3000000000001,2459202.5902795456,8233,3.68142,K2-77b_2_OUT_d,02:10:00
2020-12-19,12.567477,660.3000000000001,2459202.5982994633,8233,3.681576,K2-77b_2_OUT_d,02:21:33
2020-12-19,12.567518,660.3000000000001,2459202.606319071,8233,3.681741,K2-77b_2_OUT_d,02:33:05
2020-12-19,12.567282,660.3000000000001,2459202.6143390923,8233,3.681901,K2-77b_2_OUT_d,02:44:38
2020-12-20,12.56639,660.3000000000001,2459203.587573245,8236,3.68137,K2-77b_2_OUT_a1,02:06:06
2020-12-20,12.566883,660.3000000000001,2459203.5955930823,8236,3.681527,K2-77b_2_OUT_a1,02:17:39
2020-12-20,12.56698,660.3000000000001,2459203.6036128346,8236,3.681684,K2-77b_2_OUT_a1,02:29:12
2020-12-17,12.578742,660.3000000000001,2459200.7954426813,8234,3.681892,K2-77b_2_OUT_b2,07:05:26
2020-12-17,12.571681,660.3000000000001,2459200.8034624383,8234,3.682064,K2-77b_2_OUT_b2,07:16:59
2020-12-10,-9.391275,213.0,2459194.0137713533,187,10.779626,kelt-11b,12:19:49
2020-12-10,-9.393121,213.0,2459194.016609164,187,10.779738,kelt-11b,12:23:55
2020-12-27,-9.392579,213.0,2459210.958269333,8498,10.779763,kelt-11b,10:59:54
2020-12-27,-9.394194,213.0,2459210.961107138,8498,10.779884,kelt-11b,11:03:59
2020-06-22,51.762236,820.0500000000001,2459022.934691905,6238,19.272354,Kepler-16,10:25:57
2020-06-22,51.760166,820.0500000000001,2459022.944562475,6238,19.2725,Kepler-16,10:40:10
2020-07-24,51.765902,820.0500000000001,2459054.8472446897,7172,19.272336,Kepler-16,08:20:01
2020-07-24,51.763913,820.0500000000001,2459054.857115323,7172,19.272483,Kepler-16,08:34:14
2020-07-24,48.986216,915.9,2459054.8700704454,7171,19.742748,kepler-396_p4,08:52:54
2020-07-24,48.983599,915.9,2459054.881051361,7171,19.742886,kepler-396_p4,09:08:42
2020-08-01,48.985645,915.9,2459062.850657953,6318,19.7427,kepler-396_p4,08:24:56
2020-08-01,48.983058,915.9,2459062.8616388,6318,19.742842,kepler-396_p4,08:40:45
2020-06-30,65.154851,915.9,2459030.8207791373,6242,20.226684,Qatar-1,07:41:55
2020-06-30,65.154065,915.9,2459030.831760085,6242,20.22696,Qatar-1,07:57:44
2020-07-26,65.157269,915.9,2459056.7476955242,7161,20.226732,Qatar-1,05:56:40
2020-07-26,65.15636,915.9,2459056.7586763543,7161,20.227009,Qatar-1,06:12:29
2020-12-09,64.791223,511.2,2459192.92960975,157,8.042808,TOI-1728b,10:18:38
2020-12-09,64.79097,511.2,2459192.9359020656,157,8.042971,TOI-1728b,10:27:41
2020-12-10,64.790985,511.2,2459193.9223450506,157,8.042706,TOI-1728b,10:08:10
2020-12-10,64.790745,511.2,2459193.9286375814,157,8.042887,TOI-1728b,10:17:14
2020-07-07,36.64133,798.75,2459037.881298662,6583,19.069528,Tres-1b_IN_2b,09:09:04
2020-07-07,36.63659,798.75,2459037.89092255,6583,19.069598,Tres-1b_IN_2b,09:22:55
2020-07-07,36.63211,798.75,2459037.900546182,6583,19.06969,Tres-1b_IN_2b,09:36:47
2020-07-07,36.627529,798.75,2459037.9101699833,6583,19.069813,Tres-1b_IN_2b,09:50:38
2020-07-07,36.622847,798.75,2459037.9197937883,6583,19.069932,Tres-1b_IN_2b,10:04:30
2020-07-13,36.625295,820.0500000000001,2459043.632236325,6996,19.068786,Tres-1b_4_same,03:10:25
2020-07-13,36.625136,820.0500000000001,2459043.64210682,6996,19.068996,Tres-1b_4_same,03:24:38
2020-07-13,36.625005,820.0500000000001,2459043.6519774306,6996,19.069172,Tres-1b_4_same,03:38:50
2020-07-13,36.625002,820.0500000000001,2459043.6618479034,6996,19.06935,Tres-1b_4_same,03:53:03
2020-07-13,36.624948,820.0500000000001,2459043.6717185066,6996,19.069511,Tres-1b_4_same,04:07:16
2020-07-05,36.641223,798.75,2459035.888929335,6597,19.069517,Tres-1b_OUT_2b_before2,09:20:03
2020-07-05,36.636456,798.75,2459035.898553277,6597,19.069601,Tres-1b_OUT_2b_before2,09:33:55
2020-07-05,36.632077,798.75,2459035.9081769953,6597,19.069694,Tres-1b_OUT_2b_before2,09:47:46
2020-07-05,36.627378,798.75,2459035.9178008055,6597,19.069827,Tres-1b_OUT_2b_before2,10:01:37
2020-07-08,36.641493,798.75,2459038.878467061,6586,19.069485,Tres-1b_OUT_2b_after,09:04:59
2020-07-08,36.636702,798.75,2459038.8880906776,6586,19.069549,Tres-1b_OUT_2b_after,09:18:51
2020-07-08,36.632108,798.75,2459038.8977143625,6586,19.06964,Tres-1b_OUT_2b_after,09:32:42
2020-07-08,36.627519,798.75,2459038.907338223,6586,19.06975,Tres-1b_OUT_2b_after,09:46:34
2020-07-10,36.624573,820.0500000000001,2459040.6455348795,6992,19.068832,Tres-1b_3_same,03:29:34
2020-07-11,36.641483,820.0500000000001,2459041.872190437,6993,19.069461,Tres-1b_3after_4before2,08:55:57
2020-07-11,36.636645,820.0500000000001,2459041.88206112,6993,19.069547,Tres-1b_3after_4before2,09:10:10
2020-07-11,36.631907,820.0500000000001,2459041.8919316777,6993,19.069639,Tres-1b_3after_4before2,09:24:22
2020-07-11,36.627274,820.0500000000001,2459041.9018022744,6993,19.069777,Tres-1b_3after_4before2,09:38:35
2020-07-12,36.641807,820.0500000000001,2459042.8697365574,6994,19.069493,Tres-1b_3after2_4before,08:52:25
2020-07-12,36.636975,820.0500000000001,2459042.8796071373,6994,19.069581,Tres-1b_3after2_4before,09:06:38
2020-07-12,36.632158,820.0500000000001,2459042.889477753,6994,19.069679,Tres-1b_3after2_4before,09:20:50
2020-07-12,36.627483,820.0500000000001,2459042.8993480876,6994,19.069808,Tres-1b_3after2_4before,09:35:03
2020-07-13,36.642458,820.0500000000001,2459043.8640717436,6995,19.069519,Tres-1b_IN_4,08:44:15
2020-07-13,36.637613,820.0500000000001,2459043.8739422923,6995,19.069593,Tres-1b_IN_4,08:58:28
2020-07-13,36.633078,820.0500000000001,2459043.883812704,6995,19.069697,Tres-1b_IN_4,09:12:41
2020-07-13,36.628175,820.0500000000001,2459043.8936833777,6995,19.069817,Tres-1b_IN_4,09:26:54
2020-07-13,36.623457,820.0500000000001,2459043.9035538263,6995,19.069958,Tres-1b_IN_4,09:41:07
2020-04-06,36.620767,10.65,2458945.913719474,84,19.068288,Tres-1b_OUT_2_before1,09:55:45
2020-04-06,36.62056,10.65,2458945.9233431257,84,19.068406,Tres-1b_OUT_2_before1,10:09:36
2020-07-04,36.624614,820.0500000000001,2459034.6726296474,6240,19.068712,TrES-1,04:08:35
2020-07-04,36.624543,820.0500000000001,2459034.682500108,6240,19.068877,TrES-1,04:22:48
2020-07-23,36.642656,820.0500000000001,2459053.85007263,7159,19.069433,TrES-1,08:24:06
2020-07-23,36.637895,820.0500000000001,2459053.859943039,7159,19.069523,TrES-1,08:38:19
2020-08-01,36.643135,820.0500000000001,2459062.8236371255,7230,19.069436,TrES-1,07:46:02
2020-08-01,36.638473,820.0500000000001,2459062.833507718,7230,19.069518,TrES-1,08:00:15
2020-10-13,36.645357,820.0500000000001,2459135.6268856837,4592,19.068916,TrES-1_P4,03:02:42
2020-10-13,36.640559,820.0500000000001,2459135.636756173,4592,19.069013,TrES-1_P4,03:16:55
2020-11-09,36.644792,820.0500000000001,2459162.5541327083,4592,19.068684,TrES-1_P4,01:17:57
2020-11-09,36.64,820.0500000000001,2459162.564003046,4592,19.068769,TrES-1_P4,01:32:09
2020-12-20,12.566533,660.3000000000001,2459203.611632511,8236,3.681828,K2-77b_2_OUT_a1,02:40:45
2020-07-25,30.663207,820.0500000000001,2459055.960272539,7158,3.157101,WASP-11,11:02:47
2020-07-25,30.663387,820.0500000000001,2459055.9701431682,7158,3.157265,WASP-11,11:17:00
2020-11-08,30.681377,820.0500000000001,2459161.8942859787,4591,3.158299,WASP-11_P4,09:27:46
2020-11-08,30.675269,820.0500000000001,2459161.904156427,4591,3.158397,WASP-11_P4,09:41:59
2020-11-12,30.681321,820.0500000000001,2459165.8779091295,4591,3.158252,WASP-11_P4,09:04:11
2020-11-12,30.675158,820.0500000000001,2459165.887779484,4591,3.158338,WASP-11_P4,09:18:24
2020-03-06,-3.832711,10.65,2458914.7482772176,3049,10.703373,WASP-127_OUT_before1,05:57:31
2020-03-06,-3.835175,10.65,2458914.7534593847,3049,10.703514,WASP-127_OUT_before1,06:04:58
2020-03-06,-3.8377,10.65,2458914.758641436,3049,10.703654,WASP-127_OUT_before1,06:12:26
2020-03-06,-3.84016,10.65,2458914.7638236955,3049,10.703818,WASP-127_OUT_before1,06:19:54
2020-03-06,-3.843045,10.65,2458914.7690057945,3049,10.703966,WASP-127_OUT_before1,06:27:22
2020-12-08,-3.829368,511.2,2459191.9994299244,181,10.703087,wasp-127b,11:59:10
2020-12-08,-3.83252,511.2,2459192.005722737,181,10.703279,wasp-127b,12:08:14
2020-11-19,2.413772,617.7,2459172.6439037616,6830,2.184972,WASP-156b_3_OUT_b1,03:27:13
2020-11-19,2.412583,617.7,2459172.651429946,6830,2.185186,WASP-156b_3_OUT_b1,03:38:03
2020-10-24,2.422089,553.8000000000001,2459146.83412404,6725,2.185333,WASP-156b_1_IN,08:01:08
2020-10-24,2.416447,553.8000000000001,2459146.8409102205,6725,2.185506,WASP-156b_1_IN,08:10:54
2020-10-24,2.410491,553.8000000000001,2459146.8476965125,6725,2.185712,WASP-156b_1_IN,08:20:40
2020-10-24,2.404344,553.8000000000001,2459146.8544822447,6725,2.185911,WASP-156b_1_IN,08:30:27
2020-10-24,2.397925,553.8000000000001,2459146.8612681655,6725,2.186158,WASP-156b_1_IN,08:40:13
2020-10-24,2.391149,553.8000000000001,2459146.868054417,6725,2.186394,WASP-156b_1_IN,08:49:59
2020-11-20,2.413946,553.8000000000001,2459173.6339203576,6827,2.184946,WASP-156b_3_IN,03:12:50
2020-11-20,2.413101,553.8000000000001,2459173.6407061364,6827,2.18513,WASP-156b_3_IN,03:22:37
2020-11-20,2.411973,553.8000000000001,2459173.647492059,6827,2.18533,WASP-156b_3_IN,03:32:23
2020-11-20,2.41068,553.8000000000001,2459173.6542782662,6827,2.185535,WASP-156b_3_IN,03:42:09
2020-11-20,2.409033,553.8000000000001,2459173.661064588,6827,2.185728,WASP-156b_3_IN,03:51:55
2020-11-20,2.407697,553.8000000000001,2459173.6678505563,6827,2.185944,WASP-156b_3_IN,04:01:42
2020-10-23,2.421033,617.7,2459145.837448625,6728,2.185412,WASP-156b_1_OUT_b1,08:05:55
2020-10-23,2.414678,617.7,2459145.844974708,6728,2.185628,WASP-156b_1_OUT_b1,08:16:45
2020-10-23,2.408007,617.7,2459145.8525011055,6728,2.185872,WASP-156b_1_OUT_b1,08:27:36
2020-10-23,2.401151,617.7,2459145.860027438,6728,2.186125,WASP-156b_1_OUT_b1,08:38:26
2020-10-25,2.414626,617.7,2459147.7119868016,6729,2.185024,WASP-156b_1_OUT_a1,05:05:15
2020-10-25,2.413237,617.7,2459147.7195128873,6729,2.185246,WASP-156b_1_OUT_a1,05:16:05
2020-10-25,2.411687,617.7,2459147.7270397106,6729,2.185478,WASP-156b_1_OUT_a1,05:26:56
2020-10-25,2.410011,617.7,2459147.7345656194,6729,2.185699,WASP-156b_1_OUT_a1,05:37:46
2020-11-20,2.422801,553.8000000000001,2459173.772971624,6828,2.185252,WASP-156b_3_OUT_d,06:33:04
2020-11-20,2.416559,553.8000000000001,2459173.779757637,6828,2.185461,WASP-156b_3_OUT_d,06:42:51
2020-11-20,2.410381,553.8000000000001,2459173.786543758,6828,2.185713,WASP-156b_3_OUT_d,06:52:37
2020-11-20,2.403571,553.8000000000001,2459173.7933298415,6828,2.185962,WASP-156b_3_OUT_d,07:02:23
2020-11-21,2.413973,617.7,2459174.6415803367,6831,2.184965,WASP-156b_3_OUT_a1,03:23:52
2020-11-21,2.412737,617.7,2459174.649106652,6831,2.185182,WASP-156b_3_OUT_a1,03:34:42
2020-11-21,2.411028,617.7,2459174.6566328844,6831,2.1854,WASP-156b_3_OUT_a1,03:45:33
2020-11-21,2.409397,617.7,2459174.6641592393,6831,2.185646,WASP-156b_3_OUT_a1,03:56:23
2020-11-22,2.42159,617.7,2459175.7521427292,6832,2.185247,WASP-156b_3_OUT_a2,06:03:05
2020-11-22,2.415347,617.7,2459175.7596689765,6832,2.185442,WASP-156b_3_OUT_a2,06:13:55
2020-11-22,2.408924,617.7,2459175.767195355,6832,2.185663,WASP-156b_3_OUT_a2,06:24:45
2020-11-22,2.402258,617.7,2459175.7747215563,6832,2.185887,WASP-156b_3_OUT_a2,06:35:35
2020-08-20,-1.835306,830.7,2459081.7488712864,5143,22.318875,WASP-177_1_IN,05:58:22
2020-08-20,-1.838131,830.7,2459081.7588650216,5143,22.319173,WASP-177_1_IN,06:12:45
2020-08-20,-1.840909,830.7,2459081.7688597837,5143,22.319497,WASP-177_1_IN,06:27:09
2020-08-20,-1.844322,830.7,2459081.7788529084,5143,22.319823,WASP-177_1_IN,06:41:32
2020-08-23,-1.834864,830.7,2459084.7452006964,5145,22.318898,WASP-177_2_IN,05:53:05
2020-08-23,-1.837418,830.7,2459084.755194652,5145,22.31922,WASP-177_2_IN,06:07:28
2020-08-23,-1.840455,830.7,2459084.7651884197,5145,22.319525,WASP-177_2_IN,06:21:52
2020-08-23,-1.844099,830.7,2459084.775182339,5145,22.319868,WASP-177_2_IN,06:36:15
2020-08-18,-1.834575,830.7,2459079.7647680063,5137,22.318797,WASP-177_1_OUT_b2,06:21:15
2020-08-18,-1.837565,830.7,2459079.7747621294,5137,22.31911,WASP-177_1_OUT_b2,06:35:39
2020-08-18,-1.840851,830.7,2459079.7847559876,5137,22.319444,WASP-177_1_OUT_b2,06:50:02
2020-08-19,-1.83566,830.7,2459080.751082051,5138,22.318862,WASP-177_1_OUT_b1,06:01:33
2020-08-19,-1.838332,830.7,2459080.761075822,5138,22.319161,WASP-177_1_OUT_b1,06:15:56
2020-08-19,-1.841122,830.7,2459080.7710699285,5138,22.319474,WASP-177_1_OUT_b1,06:30:20
2020-08-19,-1.844629,830.7,2459080.781063777,5138,22.319799,WASP-177_1_OUT_b1,06:44:43
2020-08-20,-1.829936,830.7,2459081.824751013,5144,22.319064,WASP-177_1_OUT_same,07:47:38
2020-08-20,-1.836397,830.7,2459081.8347449442,5144,22.319349,WASP-177_1_OUT_same,08:02:01
2020-08-20,-1.843339,830.7,2459081.8447389337,5144,22.319695,WASP-177_1_OUT_same,08:16:25
2020-08-20,-1.851043,830.7,2459081.8547327407,5144,22.320067,WASP-177_1_OUT_same,08:30:48
2020-08-21,-1.835684,830.7,2459082.745922231,5139,22.318894,WASP-177_1_OUT_a1,05:54:07
2020-08-21,-1.838214,830.7,2459082.7559158434,5139,22.319192,WASP-177_1_OUT_a1,06:08:31
2020-08-21,-1.841031,830.7,2459082.765910057,5139,22.319516,WASP-177_1_OUT_a1,06:22:54
2020-08-21,-1.844182,830.7,2459082.775904025,5139,22.319841,WASP-177_1_OUT_a1,06:37:18
2020-08-22,-1.835119,830.7,2459083.745067715,5140,22.318863,WASP-177_1_OUT_a2,05:52:53
2020-08-22,-1.835854,830.7,2459083.755061539,5140,22.318908,WASP-177_1_OUT_a2,06:07:17
2020-08-22,-1.840874,830.7,2459083.7650555205,5140,22.319497,WASP-177_1_OUT_a2,06:21:40
2020-08-22,-1.844233,830.7,2459083.775049616,5140,22.319835,WASP-177_1_OUT_a2,06:36:04
2020-08-23,-1.830693,830.7,2459084.817255989,5146,22.319095,WASP-177_2_OUT_same,07:36:50
2020-08-23,-1.837401,830.7,2459084.8272498525,5146,22.319383,WASP-177_2_OUT_same,07:51:14
2020-08-23,-1.844488,830.7,2459084.837243771,5146,22.31972,WASP-177_2_OUT_same,08:05:37
2020-08-23,-1.852268,830.7,2459084.8472376443,5146,22.320117,WASP-177_2_OUT_same,08:20:01
2020-08-24,-1.834395,830.7,2459085.7447173437,5141,22.318879,WASP-177_2_OUT_a1,05:52:23
2020-08-24,-1.837133,830.7,2459085.7547112033,5141,22.319197,WASP-177_2_OUT_a1,06:06:47
2020-08-24,-1.84023,830.7,2459085.7647050405,5141,22.319512,WASP-177_2_OUT_a1,06:21:10
2020-08-25,-1.834625,830.7,2459086.735598674,5142,22.318815,WASP-177_2_OUT_a2,05:39:15
2020-08-25,-1.837252,830.7,2459086.745592533,5142,22.319104,WASP-177_2_OUT_a2,05:53:39
2020-08-25,-1.840139,830.7,2459086.75558655,5142,22.31941,WASP-177_2_OUT_a2,06:08:02
2020-08-25,-1.843364,830.7,2459086.76558041,5142,22.319738,WASP-177_2_OUT_a2,06:22:26
2020-07-25,6.437589,820.0500000000001,2459055.8621842302,7160,20.514416,WASP-2,08:41:32
2020-07-25,6.428978,820.0500000000001,2459055.8720548037,7160,20.514674,WASP-2,08:55:45
2020-10-15,6.436661,820.0500000000001,2459137.6465166686,4593,20.514144,WASP-2_P4,03:30:59
2020-10-15,6.427619,820.0500000000001,2459137.6563873114,4593,20.514421,WASP-2_P4,03:45:11
2021-01-27,-3.440459,915.9,2459242.0056880456,8519,14.487126,wasp-39b,12:08:11
2021-01-27,-3.445222,915.9,2459242.0166687923,8519,14.487432,wasp-39b,12:24:00
2021-03-05,-3.438018,915.9,2459278.942937845,8519,14.487477,wasp-39b,10:37:49
2021-03-05,-3.444625,915.9,2459278.95391883,8519,14.487796,wasp-39b,10:53:38
2020-06-10,24.878333,820.0500000000001,2459010.9209414846,6243,23.307091,WASP-59,10:06:09
2020-06-10,24.878761,820.0500000000001,2459010.930811809,6243,23.307251,WASP-59,10:20:22
2020-07-23,24.880886,820.0500000000001,2459053.7945502675,7162,23.307462,WASP-59,07:04:09
2020-07-23,24.881409,820.0500000000001,2459053.8044209983,7162,23.307626,WASP-59,07:18:21
2019-10-21,-5.091837,10.65,2458777.5649290476,2539,21.000464,WASP_69_in_2,01:33:29
2019-10-21,-5.094416,10.65,2458777.570357664,2539,21.000604,WASP_69_in_2,01:41:18
2019-10-21,-5.097265,10.65,2458777.5757867666,2539,21.000786,WASP_69_in_2,01:49:07
2019-10-21,-5.100057,10.65,2458777.58121559,2539,21.000969,WASP_69_in_2,01:56:57
2019-10-21,-5.103124,10.65,2458777.586644416,2539,21.001152,WASP_69_in_2,02:04:46
2019-10-21,-5.106349,10.65,2458777.592073368,2539,21.001353,WASP_69_in_2,02:12:35
2019-10-21,-5.109964,10.65,2458777.5975020253,2539,21.001562,WASP_69_in_2,02:20:24
2019-10-19,-5.09329,10.65,2458775.5787247173,2575,21.000651,WASP_69_out_2_before_4,01:53:21
2019-10-19,-5.095117,10.65,2458775.582179382,2575,21.000763,WASP_69_out_2_before_4,01:58:20
2019-10-19,-5.096829,10.65,2458775.585634405,2575,21.000877,WASP_69_out_2_before_4,02:03:18
2019-10-19,-5.098767,10.65,2458775.5890892423,2575,21.001002,WASP_69_out_2_before_4,02:08:17
2019-10-19,-5.101314,10.65,2458775.5936538693,2576,21.001157,WASP_69_out_2_before_3,02:14:51
2019-10-19,-5.103025,10.65,2458775.596122032,2576,21.001252,WASP_69_out_2_before_3,02:18:24
2019-10-19,-5.104409,10.65,2458775.598590014,2576,21.001358,WASP_69_out_2_before_3,02:21:58
2019-10-19,-5.106592,10.65,2458775.6020445046,2577,21.001485,WASP_69_out_2_before_1,02:26:56
2019-10-20,-5.09192,10.65,2458776.573060487,2591,21.00057,WASP_69_out_1_before_4,01:45:12
2019-10-20,-5.095311,10.65,2458776.579599886,2591,21.000794,WASP_69_out_1_before_4,01:54:37
2019-10-20,-5.098838,10.65,2458776.5861391015,2591,21.001013,WASP_69_out_1_before_4,02:04:02
2019-10-20,-5.102525,10.65,2458776.5926782535,2591,21.001248,WASP_69_out_1_before_4,02:13:27
2019-10-22,20.797902,10.65,2458778.564323089,,10.578737,WASP_69_out_1_after_4,01:32:37
2019-10-22,20.797902,10.65,2458778.57086235,,10.578737,WASP_69_out_1_after_4,01:42:02
2019-10-22,20.797902,10.65,2458778.577401558,,10.578737,WASP_69_out_1_after_4,01:51:27
2019-10-22,20.797902,10.65,2458778.583941232,,10.578737,WASP_69_out_1_after_4,02:00:52
2020-10-03,2.704979,308.85,2459125.8865052536,4991,1.775262,WASP-76_2_OUT_a1,09:16:34
2020-10-03,2.701214,308.85,2459125.890453559,4991,1.775393,WASP-76_2_OUT_a1,09:22:15
2020-10-03,2.697633,308.85,2459125.894401829,4991,1.775518,WASP-76_2_OUT_a1,09:27:56
2020-10-03,2.697644,308.85,2459125.898350084,4991,1.775509,WASP-76_2_OUT_a1,09:33:37
2020-10-02,2.705897,319.5,2459124.873785194,6314,1.775199,WASP-76_2_IN,08:58:15
2020-10-02,2.702543,319.5,2459124.8778568786,6314,1.775309,WASP-76_2_IN,09:04:06
2020-10-02,2.699238,319.5,2459124.881928465,6314,1.775409,WASP-76_2_IN,09:09:58
2020-10-02,2.695832,319.5,2459124.885999815,6314,1.775529,WASP-76_2_IN,09:15:50
2020-10-02,2.692305,319.5,2459124.890071869,6314,1.775662,WASP-76_2_IN,09:21:42
2020-10-02,2.688734,319.5,2459124.8941436135,6314,1.775801,WASP-76_2_IN,09:27:34
2020-10-02,2.685021,319.5,2459124.8982153325,6314,1.775924,WASP-76_2_IN,09:33:25
2020-10-02,2.681289,319.5,2459124.902286602,6314,1.776072,WASP-76_2_IN,09:39:17
2020-10-02,2.677383,319.5,2459124.9063582597,6314,1.776242,WASP-76_2_IN,09:45:09
2020-10-02,2.673402,319.5,2459124.9104301236,6314,1.776396,WASP-76_2_IN,09:51:01
2020-10-04,2.697269,319.5,2459126.74746413,6316,1.774876,WASP-76_3_IN,05:56:20
2020-10-04,2.69673,319.5,2459126.751535826,6316,1.775006,WASP-76_3_IN,06:02:12
2020-10-04,2.695946,319.5,2459126.755607107,6316,1.775128,WASP-76_3_IN,06:08:04
2020-10-04,2.695327,319.5,2459126.7596789645,6316,1.775252,WASP-76_3_IN,06:13:56
2020-10-04,2.694661,319.5,2459126.7637509787,6316,1.775381,WASP-76_3_IN,06:19:48
2020-10-04,2.693688,319.5,2459126.7678225515,6316,1.77551,WASP-76_3_IN,06:25:39
2020-10-04,2.6928,319.5,2459126.7718943013,6316,1.775624,WASP-76_3_IN,06:31:31
2020-10-04,2.691864,319.5,2459126.775965747,6316,1.775759,WASP-76_3_IN,06:37:23
2020-10-04,2.690856,319.5,2459126.780037875,6316,1.775898,WASP-76_3_IN,06:43:15
2020-10-04,2.689433,319.5,2459126.78410916,6316,1.776017,WASP-76_3_IN,06:49:07
2020-09-30,2.697249,308.85,2459122.7619770425,4990,1.774909,WASP-76_2_OUT_b2,06:17:14
2020-09-30,2.696444,308.85,2459122.765925606,4990,1.775025,WASP-76_2_OUT_b2,06:22:55
2020-09-30,2.695787,308.85,2459122.7698737322,4990,1.775133,WASP-76_2_OUT_b2,06:28:37
2020-09-30,2.694977,308.85,2459122.773822191,4990,1.775255,WASP-76_2_OUT_b2,06:34:18
2020-10-01,2.697353,308.85,2459123.764722521,4989,1.774881,WASP-76_2_OUT_b1,06:21:12
2020-10-01,2.696766,308.85,2459123.768718718,4989,1.77501,WASP-76_2_OUT_b1,06:26:57
2020-10-01,2.695905,308.85,2459123.772635061,4989,1.775136,WASP-76_2_OUT_b1,06:32:35
2020-10-01,2.694873,308.85,2459123.776636645,4989,1.775253,WASP-76_2_OUT_b1,06:38:21
2020-10-02,2.697033,319.5,2459124.7549673277,6315,1.774889,WASP-76_2_OUT_same,06:07:09
2020-10-02,2.69652,319.5,2459124.7590388064,6315,1.775014,WASP-76_2_OUT_same,06:13:00
2020-10-02,2.695764,319.5,2459124.7631106954,6315,1.77513,WASP-76_2_OUT_same,06:18:52
2020-10-02,2.695092,319.5,2459124.7671823027,6315,1.775251,WASP-76_2_OUT_same,06:24:44
2020-10-02,2.695114,319.5,2459124.771253998,6315,1.775248,WASP-76_2_OUT_same,06:30:36
2020-10-02,2.693129,319.5,2459124.775325265,6315,1.775506,WASP-76_2_OUT_same,06:36:28
2020-10-02,2.692253,319.5,2459124.7793972124,6315,1.775623,WASP-76_2_OUT_same,06:42:19
2020-10-02,2.691398,319.5,2459124.7834685785,6315,1.775765,WASP-76_2_OUT_same,06:48:11
2020-10-02,2.69004,319.5,2459124.7875402486,6315,1.775884,WASP-76_2_OUT_same,06:54:03
2020-10-05,2.697281,308.85,2459127.750926125,4994,1.774915,WASP-76_3_OUT_a1,06:01:20
2020-10-05,2.696751,308.85,2459127.7548744166,4994,1.775023,WASP-76_3_OUT_a1,06:07:01
2020-10-05,2.695842,308.85,2459127.7588224583,4994,1.775145,WASP-76_3_OUT_a1,06:12:42
2020-10-05,2.694973,308.85,2459127.762771271,4994,1.775265,WASP-76_3_OUT_a1,06:18:23
2020-10-06,2.697051,308.85,2459128.763647489,4995,1.774848,WASP-76_3_OUT_a2,06:19:39
2020-10-06,2.696164,308.85,2459128.767595511,4995,1.774956,WASP-76_3_OUT_a2,06:25:20
2020-10-06,2.695126,308.85,2459128.7715437026,4995,1.775102,WASP-76_3_OUT_a2,06:31:01
2020-10-06,2.693969,308.85,2459128.775492284,4995,1.775218,WASP-76_3_OUT_a2,06:36:42
2020-11-20,2.695837,308.85,2459173.6198544204,4599,1.774884,WASP-76_P4,02:52:35
2020-11-20,2.695185,308.85,2459173.623802943,4599,1.775001,WASP-76_P4,02:58:16
2020-12-25,2.703648,308.85,2459208.652760942,8485,1.775005,wasp-76b,03:39:58
2020-12-25,2.70034,308.85,2459208.656709191,8485,1.775109,wasp-76b,03:45:39
2020-07-23,-2.143955,511.2,2459053.7493926953,7144,20.210037,WASP-80,05:59:07
2020-07-23,-2.145704,511.2,2459053.7556851897,7144,20.210242,WASP-80,06:08:11
2020-08-01,-2.143365,511.2,2459062.72764484,7224,20.21002,WASP-80,05:27:48
2020-08-01,-2.145422,511.2,2459062.733937384,7224,20.210219,WASP-80,05:36:52
