const,const_lo,const_hi,lam1,lam1_lo,lam1_hi,amp1,amp1_lo,amp1_hi,sigma1,sigma1_lo,sigma1_hi,gamma1,gamma1_lo,gamma1_hi,lam2,lam2_lo,lam2_hi,amp2,amp2_lo,amp2_hi,sigma2,sigma2_lo,sigma2_hi,gamma2,gamma2_lo,gamma2_hi
1.0045277743470196,0.003087646182601045,0.0030227556201614103,10830.06185859673,0.019739318975553033,0.02167293328056985,0.2840530368949251,0.009031934178217016,0.009839815901694526,0.6854910668798273,0.021782641319207707,0.021520437885308885,0.017488179846672836,0.008536602024040683,0.02177118763257658,10833.123919533988,0.026757394984088023,0.023860762599724694,0.6294473355194989,0.049293001004618975,0.03611378716336633,0.10662849327717247,0.08796977393911748,0.25486642179622765,1.117609227030379,0.1578460041890416,0.07234240196928887
0.9976338503719394,0.002689018400102383,0.002671026071062621,10830.074823906209,0.019730301881281775,0.02042411858383275,0.28309638710063545,0.00881257023552029,0.009928549812425636,0.704447206745842,0.01978229504363138,0.02162311350319024,0.014422264099520497,0.005763232075094467,0.01668953437183033,10833.262517046946,0.02350672346256033,0.02076067347479693,0.5917481367217563,0.031750786964367284,0.030645501761452976,0.04056742462733351,0.028192055173123287,0.11872266407797116,1.0629224558547985,0.064509933887958,0.060366610978692004
1.0017814400769174,0.0025362708764237185,0.002720077037104307,10830.045555658333,0.018334907234020648,0.018602137748530367,0.26877925682644116,0.008728520525518868,0.008902391055832515,0.691195402858067,0.021672700585225635,0.018632437918981504,0.013018324042459062,0.004777077469187032,0.014977908519607685,10833.237193627756,0.024429477263765875,0.022699634057062212,0.7012870129290878,0.03408087897432144,0.037833501701017624,0.03148932259455342,0.02045677991845661,0.08180179291491665,1.2552056064821748,0.06431753743620083,0.06811855130129696
1.0013966849432605,0.002699428338996279,0.0025407836753099655,10830.069660486472,0.018500263493478997,0.01865928660481586,0.2859934258599647,0.008545768781039076,0.008447742260904945,0.7240492173484413,0.01852404242668859,0.018359808626938312,0.013274641134720273,0.005097116544443576,0.014327564856326306,10833.281585465653,0.021871128414204577,0.022722120505932253,0.6941916433582169,0.03318780254698872,0.03605543988536031,0.0404330571077216,0.02863047752749755,0.13617840053021005,1.2634066332537701,0.06741064175797273,0.06565592116260266
1.047501252064854,0.00808024972954402,0.008119768641378977,10829.9840877932,0.03396665200125426,0.03323088289835141,0.3255081742403231,0.018328674399027467,0.01994588637820427,0.7108812278202512,0.03787087082415941,0.0350509471883762,0.01997490299477022,0.010661933289063513,0.031018973083949457,10833.417931308533,0.06382009935077804,0.07363293086746125,1.2908428598241346,0.15319982434207002,0.15618247015877218,0.0690063875740278,0.05522495361284979,0.23781977983802202,1.9659900632360499,0.21228134418097655,0.2010841633784799
1.0103848246356317,0.006602131277956724,0.007204937894614405,10829.934654330511,0.03221782351283764,0.03265241867484292,0.3010056685411724,0.01787191668705046,0.023434056631834232,0.6169930811439693,0.041799672817265265,0.035802032802350614,0.03148893980616513,0.020682270924616407,0.08037688840388502,10833.241594039384,0.05816283590866078,0.06469341108640947,0.891661950986406,0.1197229224868609,0.11339698983990265,0.11658284516273708,0.10059183941589175,0.474847861544448,1.477460553203131,0.3065318298823434,0.19253149734322084
1.0012167888565326,0.004734996559953464,0.006534182371541464,10830.034715470309,0.023208582919323817,0.022542288912518416,0.31418060627312805,0.013612553278074035,0.014228804368923209,0.7194937953271927,0.025524181393732248,0.02513099934381058,0.022500981943793817,0.013066462697411059,0.039991639717153214,10833.272528499961,0.036042671288669226,0.03333313681287109,0.7006477044875412,0.08539183460336086,0.13833290084003758,0.695273777518473,0.5302009922546232,0.2227618669743503,0.9813055119314898,0.33744248203014415,0.47840608539015406
1.010184498025206,0.004408625454053627,0.004231578195222019,10830.07632011713,0.022961952721743728,0.024214949553424958,0.30728304657626176,0.01335064686663906,0.012437332707878779,0.7023294152301348,0.028635340495949402,0.026663125261805587,0.019961838456665323,0.010120842695167304,0.03470664010045599,10833.26786406829,0.038906398933249875,0.03656454387237318,0.8457347719967763,0.07237132631681265,0.06629041569532546,0.12377019490116833,0.10805433860167157,0.3355876052381861,1.4443244001867546,0.19854638001160518,0.11938998921997124
1.0125763503340632,0.005737156117902487,0.004881291061882731,10830.021479354004,0.019906146841094596,0.02056026280297374,0.32620450442161597,0.011656234614283889,0.012067910724055053,0.7172495350528623,0.022682749605117736,0.023048491195044818,0.01947035980003689,0.009799413759778055,0.028255941402743512,10833.313221203753,0.03272687088428938,0.030533827288309112,0.8419714705377144,0.11777937017044715,0.11180738851702077,0.5101460259322643,0.4727912938469365,0.28451950398658044,1.35241671773572,0.3736568120480931,0.3027628004784009
1.0127119318276838,0.004824087524095688,0.004040772717918362,10830.053229452713,0.01930534924576932,0.021021140002631,0.3229485439494266,0.013624029087858813,0.014909076913444508,0.7262664195613318,0.028037211908531257,0.02381306944478523,0.02138086175134877,0.011555245460657003,0.04222965111389471,10833.37117933431,0.036504866808172665,0.041165291469951626,0.8499797282911246,0.10902221815216162,0.0902662506803521,0.5352489730683053,0.48820998850615327,0.28965569124470725,1.4164703751855585,0.37466155568081083,0.2729743605354449
1.006936329808838,0.0031624865052333195,0.0030391233789448524,10830.047665471864,0.016560129612116725,0.01799998162096017,0.29861084766666535,0.009114376330843554,0.00868259916191605,0.6912339941115928,0.020358693020127494,0.018152939395626566,0.016579914081319577,0.007885136939810184,0.020255638010139333,10833.260547404905,0.02622968099421996,0.02757428469340084,0.8422598190077331,0.05074296085551999,0.04986200003184704,0.0793989850224402,0.0653122119629151,0.29294719318134044,1.4981518112297871,0.127980031711036,0.08710788099308231
1.0139858423673047,0.004937010375537509,0.0044983895083310355,10830.012267723789,0.019274856791525963,0.020792250557860825,0.3057001778429963,0.01261844930236955,0.012230009373738526,0.7014777611631602,0.025389924653662743,0.021023338176454187,0.018426856161696273,0.009635170826756887,0.027717172704995588,10833.308091059913,0.036669339391664835,0.04009495061291091,0.9014769329438195,0.0940355361871622,0.07675213443695894,0.19092831327609872,0.16962798318498398,0.4247714065480125,1.606684088584415,0.3015592369170037,0.1434372690304473
1.0058935167900445,0.004386747585808148,0.0037914433871168995,10830.097548373775,0.02319564663412166,0.02623657179356087,0.3001711112064936,0.01291312595151406,0.012227707210729577,0.7061626482346579,0.027227135990445128,0.023630746800171076,0.02143989994499171,0.01195366541906993,0.03919857858888735,10833.273629971254,0.03589354357245611,0.036986146895287675,0.8206753880830329,0.07724099751515745,0.061365085097432104,0.08229370012764112,0.06644309883245762,0.374390692365166,1.4409499548929574,0.22082267987449478,0.1046140065465817
1.006180833748576,0.004238579827468891,0.007127543758902899,10829.989306861888,0.019053895714023383,0.02225520926367608,0.33635923679867474,0.011522189063372379,0.012484160493210494,0.7204101257395132,0.019189202629379065,0.020000906058591728,0.01908541630453512,0.00981063943244422,0.028699271363191024,10833.224242846787,0.028692563610093202,0.032694531364541035,0.6452540598656562,0.06852701340850254,0.1586589137341745,0.8946918169197351,0.3503354521699493,0.15392844045576326,0.692592195547443,0.292238847843244,0.549409484040956
1.0114980927106,0.00680883136369137,0.004892624943047874,10830.041324507321,0.021686954856704688,0.024867067546438193,0.31387197117819843,0.013689524604789949,0.015718723325412798,0.7159358484989515,0.03662768217391288,0.028907433734448595,0.030833083126796754,0.018725387810171187,0.05628239046002484,10833.26273161806,0.03952886942897749,0.03436318044987274,0.855993479365317,0.142032816203587,0.08139200724838713,0.26675651980651816,0.24451703253661164,0.4970491634277401,1.4909922708071988,0.5023534589124018,0.15410203042247583
1.0146120499048368,0.00396543382989023,0.003588052223894911,10830.027027971571,0.021032669328633347,0.020294716787248035,0.32357858278084395,0.01110716029515496,0.010439502596445938,0.7349320750519013,0.021964787625544102,0.021510224042654014,0.0161617011523877,0.0074415780286667295,0.024447855558273432,10833.291302439518,0.02986604083343991,0.03150411789829377,0.8773902669004833,0.06240794609695122,0.06392727675703025,0.06370285961480915,0.04968137556913073,0.2558908709616422,1.5643771085533384,0.12373776293174377,0.10993020255131913
1.0051181281829287,0.0026854703006771175,0.0028619399229048437,10830.065172976128,0.019124428066788823,0.019412200645092526,0.3316790176377002,0.010012906801907195,0.010681119786121684,0.7443311610684445,0.02362660851800591,0.021192257017184968,0.020093710672039168,0.010904355382628822,0.030049479604490767,10833.420306024042,0.03456838169040566,0.034266442169609945,0.5601688531470321,0.04060595778656251,0.043937821987499626,0.0468329621641675,0.034442637188802715,0.14884490476962367,1.2918247856047684,0.09784257278552877,0.10236132169942525
1.0027707388492546,0.002467375309383124,0.0026539052849017253,10830.046715551576,0.017518737680802587,0.01741983724241436,0.3260171135236024,0.009577875704827876,0.009619682505103921,0.7358572518285547,0.02172221408242303,0.019387403396096348,0.017870417140523523,0.009048538969430477,0.02286314709961977,10833.301953101543,0.030873944857376046,0.02819263048513676,0.5221112175231379,0.02726773679664818,0.031543664641811464,0.043861343842435147,0.03078403430763591,0.13012469497137294,1.1880019221265419,0.06885656629100256,0.07264914166425052
1.006670125737185,0.0025910016128343205,0.0027101353094609593,10830.049068097378,0.016982599188850145,0.017404133857780835,0.3401793750670202,0.008825922566414124,0.009432578317323193,0.7186399785645188,0.01904063774430942,0.016976779142758303,0.01734669126134073,0.008471839610693484,0.02068456677656004,10833.390234707196,0.03137411053648975,0.031840001967793796,0.5553943921936701,0.036740534242027056,0.037228837195472986,0.07442986356450948,0.059767941256959625,0.22066039963936884,1.229100016019979,0.11019210106607935,0.08705155490169791
1.000597612165763,0.0026269000955043698,0.0028569240868270285,10830.078691201958,0.01605866354475438,0.01625285820045974,0.31449055860603997,0.00930990560778433,0.009311605224082808,0.721078649644711,0.018405766761386166,0.017078988943273865,0.01657719427942316,0.007910664303424698,0.02148827065718934,10833.362942859472,0.035863949757185765,0.0355762382314424,0.5479549647603789,0.03600066585476147,0.03736801844909243,0.05415389285183068,0.0401143793133662,0.15480154114235922,1.3256911568981045,0.09843763000027139,0.09371479923471093
1.007714941426305,0.0026420894047438637,0.0028134464038644946,10830.031453569249,0.015226442897983361,0.014725868768437067,0.2885730698871004,0.007171158484091167,0.007700620584956519,0.6931841012379389,0.016515831119918722,0.015303015060921465,0.011734463787119367,0.0038775470285628815,0.009272356895208094,10833.336667736796,0.028188045534989215,0.026652184355043573,0.8458363670074542,0.046456434004881086,0.048398832147930726,0.036541605245071884,0.02484852477736551,0.08338327602729295,1.6143375737370773,0.08366533047322289,0.08733040713079432
1.0083876717957914,0.002539500125083416,0.0023160670068300693,10830.025963532298,0.014371507428222685,0.015091022250999231,0.3001874046499205,0.007319665473390691,0.0078090944980945265,0.7042353196336599,0.015046814288203536,0.015892068165865303,0.013937095651525925,0.005670812630282464,0.015257953603329861,10833.332102126367,0.025977127283113077,0.02548384121109848,0.7632330116227946,0.036987866570587835,0.03517082819060602,0.0427430395243755,0.030765431566241914,0.1393475392927749,1.4484180231849861,0.07028647966640955,0.061555298215320686
1.006258164772345,0.0024267452999171546,0.002559803453498821,10830.032296694646,0.014941260405976209,0.014714359611389227,0.2817722554155667,0.006724931108813836,0.00702355544629768,0.6956730922558214,0.014683549590293277,0.01369933409929125,0.013825003001057025,0.005508573909818444,0.012991623064149097,10833.367260110963,0.027466653202282032,0.027476113880766206,0.7703894610538169,0.03848166230060013,0.042626812061120845,0.04008385239794285,0.028942817659854736,0.09279237224927109,1.5143366175022783,0.07236883452208187,0.07703707119629177
1.0118474095378955,0.002498992551376533,0.002670007808247332,10830.010883984418,0.01316986626079597,0.014704219087434467,0.31149579648305326,0.006976623479459654,0.007621626517935076,0.7102578180370493,0.013169463234110168,0.014479434661155088,0.013784406961219556,0.005646882037370883,0.015229366215545456,10833.324588425863,0.027603623499089736,0.02545459982502507,0.8324409218118225,0.038035847692117764,0.04462192903149054,0.03903809096178439,0.027522691530825684,0.11164324692551025,1.5614090025009393,0.07388842633383708,0.07709318146388511
1.000689606354096,0.0032424866605340608,0.0034773295132359827,10830.078489001931,0.01491876818727178,0.015454077549293288,0.27277707660667505,0.007686096110849194,0.009027483729097507,0.6455609916256111,0.014069888226418081,0.013964937878700678,0.013298449015977832,0.005206889570516442,0.015026419169524305,10833.277122342442,0.019306198752019554,0.01986903052784328,0.6953430795652965,0.06501074961816389,0.060813410012549696,0.40853220895369213,0.38450251059428364,0.173311044241514,1.0620587428118817,0.21822298951103847,0.19229795387810644
1.0077736443273961,0.0022418689397658564,0.0024798448005254325,10830.046579071026,0.013473477605657536,0.013242319917480927,0.2973790310072806,0.007486102501708336,0.007417449631299089,0.6779455449761348,0.01660827625295347,0.015502568851210263,0.01485279657763842,0.00631045431646819,0.01887691381586866,10833.319636850794,0.017352091752400156,0.01710445185926801,0.7584714224938717,0.031194029158447267,0.03208773011299837,0.04824708756901159,0.035105821438391735,0.18243311452220623,1.2322018877932857,0.06543001777943847,0.0502197820810224
1.0027733468552036,0.0038955645964799945,0.0031479866953258995,10830.041819321474,0.014571055633496144,0.014961739814680186,0.30273063290763214,0.007285644846129202,0.008105131634088103,0.6982182910173877,0.017251534098584154,0.014824392217729576,0.01470216318521081,0.00611849265724339,0.017190224681593376,10833.30533843243,0.019673318613058655,0.016335241718479665,0.720200390330295,0.0823926907103334,0.05669396481489475,0.3780968515814889,0.3376864774616357,0.21846633017915146,1.1340911637124487,0.2701185856247298,0.16147003525964676
0.9994523674053453,0.0026898369732205607,0.003363245086416722,10830.079871707083,0.015364929266070249,0.016113513445816352,0.31085458872878147,0.007783559870389978,0.008697034026460437,0.7124600776771559,0.01576699388620484,0.01578998476947424,0.014468931118635231,0.005970364452246827,0.01997999113853588,10833.335880926928,0.01686779485316947,0.015568119004456094,0.5785307392870523,0.0443523383095058,0.05812485033878967,0.659973326092365,0.1381270417984215,0.09254203428705687,0.6444152150613478,0.15962682491285046,0.2037100449331959
1.0128555384243567,0.0037555584220716476,0.0038036327108483814,10830.078829980288,0.021832742204423994,0.022111552232672693,0.33555852195561375,0.013162663586430923,0.015002919472687337,0.7364847579227383,0.030295414029413492,0.027051828447993698,0.02155591083061308,0.011496788778400553,0.04178357301503846,10833.39270238778,0.027252991574641783,0.03003208205336705,0.8415644085681634,0.0590539051843082,0.0520833298825516,0.114756561990113,0.09549547249210652,0.28707968743827594,1.2095919052061759,0.1601675564876821,0.0808605079720024
1.001695153508134,0.004387784510139325,0.004156874648288289,10830.06862587404,0.024330838348760153,0.02378429633427004,0.3221940564813286,0.011903150624291647,0.012686811099732853,0.711539728385715,0.027439016807085048,0.024590400319675965,0.021179148073594382,0.011757526623203928,0.037752789070686084,10833.343461122142,0.025611977920561912,0.027451591500721406,0.7639698551269274,0.08284401880611258,0.06086206062309618,0.28426969284199316,0.25873802010741137,0.26003107815914855,1.0827722786854963,0.28419858588772184,0.11428080256684359
0.9994832369359556,0.003917932440599126,0.004709399314870799,10830.100826162776,0.023317635774219525,0.024994017998324125,0.3049604126948606,0.011717928399642641,0.013380685757618194,0.7140599554153269,0.029223715484239743,0.0266749712887272,0.019552948122593724,0.010274756954043923,0.03617466411889082,10833.403410708892,0.028931426313647535,0.03009213448240189,0.6439702712783022,0.06765634535804255,0.09212180622091926,0.6598238979228419,0.195140124508267,0.12267079324281993,0.7168840929495592,0.22263595390495927,0.2866596735748381
1.0027006365674223,0.0034540890469978436,0.004021414226369702,10830.078968668315,0.02134495756945398,0.02035692589743121,0.3483351334992884,0.01175621551192052,0.011663265031145786,0.7426148605735055,0.020894615625595137,0.019863097140238373,0.017198814973330503,0.008256805702960656,0.021960461110309717,10833.362069630703,0.027849955580677488,0.024256947926915018,0.5714610427933224,0.04588335055004511,0.059157145143931666,0.8095822103192007,0.10953842315489015,0.07931868060357783,0.4126561443133897,0.16935804695588863,0.19785430507504953
1.005161346105393,0.004601756536184443,0.004338059302293473,10830.097366715963,0.019043980004425975,0.019607126250775764,0.3204014946678151,0.011460628235367198,0.012151587726210888,0.709281107315932,0.02465033928114635,0.021402938971953778,0.014967443617968108,0.006647225247861863,0.0246713613076666,10833.390099281027,0.026319780550693395,0.025555255568178836,0.6916978038081304,0.0773050135151464,0.09824229880767599,0.5308932391824883,0.4366062705776895,0.15088962884264978,0.8943069469108063,0.2332542104698384,0.3224835345812569
0.9967917413969958,0.0027346253629219053,0.004132112401928678,10830.096248615799,0.02114173272457265,0.019347845473021152,0.3362295748575458,0.011568350274960448,0.010956498568959472,0.7380212032657194,0.017347520039911246,0.01773080960873563,0.015901530678882638,0.007437529504133554,0.028745809571380284,10833.40552687463,0.03102731280705484,0.02448816275682475,0.5307379512676387,0.033115517063066646,0.05700302492384168,0.9148873568057863,0.12648659356856795,0.06553602386443591,0.22244251005268204,0.12760746526228622,0.23169647432442855
1.0103295472105043,0.0036810231428228146,0.0039254881274377595,10830.066081548368,0.017979095253394917,0.018448736855134484,0.3214853653640802,0.009736630748692188,0.0130290365561051,0.7229207113800824,0.02592243196319044,0.022508151689070055,0.02655577602006411,0.015190959776614709,0.050520721629606274,10833.434648139119,0.02482971362223907,0.02382686593591643,0.8117125071858737,0.07222563334611276,0.0651434371567895,0.38590639676997407,0.3351306993016074,0.19824907099300337,1.1652595844567255,0.22071358173221223,0.16653589624275122
1.0000354403816476,0.0028614346976747473,0.004057393182155478,10830.070387880747,0.019267063755251,0.019043624895857647,0.3111473166249038,0.009308455255044201,0.00902029473819066,0.7018913629497223,0.01892064031124452,0.017451646783960606,0.015386721432069258,0.0067957701105007835,0.02084495122193174,10833.406346973716,0.029114229229890043,0.025554536648996873,0.6437857327137683,0.04632351734647422,0.06848626740798025,0.8209178171776527,0.13053383332074853,0.09505086334712765,0.584665542376814,0.17221576394720006,0.21384766327732008
1.010653629452412,0.004140300015812892,0.00564593227719401,10830.040954752512,0.020012912069432787,0.019960972809712985,0.3196715668482677,0.011295869324802754,0.01021257822887045,0.7069037921748551,0.01971391338429962,0.01927679703424623,0.015177822888100592,0.006986468211271069,0.01802502175602616,10833.428383905355,0.02545157961503719,0.02778654185567575,0.7600642517846206,0.06751667244151394,0.12158329884350916,0.7322771308832572,0.2888122503564276,0.14137592800026222,0.8590693394189919,0.21773230270615618,0.3809768082582048
1.0077385874249252,0.0035781997252908315,0.004883385562406195,10830.031057386674,0.020232969816788682,0.017985212754865643,0.3247742119066471,0.01082782799929033,0.011907431027533333,0.7208153942774118,0.023178381480145283,0.02110126805324186,0.01669645745282413,0.008200291522639304,0.032654591288897895,10833.389780066685,0.02664343153082882,0.029641695129612344,0.7056266918753638,0.05732442873745813,0.08946531091199217,0.7567309479481354,0.21964991754892627,0.11840533806023101,0.7520882209358236,0.18842907382048257,0.2941702602129318
0.9960181092494329,0.0031451101771153844,0.003940851940802403,10830.097452659651,0.022817129307441064,0.023167749011918204,0.324172351737823,0.01328992205663404,0.014380712099258952,0.7136235540353979,0.02703682808463448,0.025517159248062415,0.023885605800919134,0.014242656236443222,0.0440012295716373,10833.411133384507,0.026849269766898942,0.03443725091710803,0.5663595570910529,0.04360283253369723,0.060149112337767985,0.9081668593506738,0.12074570111080618,0.09009595593819675,0.36447815316883536,0.17228409948845236,0.2199550141305372
1.0081346952134405,0.0049444690662456825,0.003924191669418153,10830.056162414552,0.022868250427563908,0.02071178221012815,0.2979813629972575,0.010792018140175164,0.0115416294145545,0.7200445750593589,0.0257124364440533,0.021464695228315622,0.018495758660079215,0.008964535119889625,0.025881231928564515,10833.46153415466,0.027758184440244804,0.029981949028297095,0.8740472265977317,0.09035501681563807,0.07075175470687445,0.3907511896338472,0.3529624519245325,0.22829851280075347,1.2906723668976223,0.25465078543307174,0.17016739481437582
0.9993421859209368,0.0038383036900202505,0.0052476009507964605,10830.06528228266,0.023673557569054537,0.021514452348128543,0.34846530150777766,0.012812194370842744,0.013168330766545278,0.7428880642062934,0.025288177928411204,0.02325379453462506,0.021664326311437145,0.01250981892293657,0.04063691653379838,10833.423277640437,0.03237657847967057,0.0334165964541171,0.5926475289389073,0.05337963385191713,0.0859185167024723,0.8921323472091425,0.1761562871749126,0.09636162050156594,0.44417482469014147,0.20415892310468603,0.31244240045614924
1.00503157465601,0.0035715389944832587,0.004696136170591725,10830.052398602274,0.02126089434386813,0.019344178412211477,0.3219607515578987,0.012678426629446071,0.013474775614270074,0.73811847328231,0.023853465453374745,0.02585586518005134,0.018912172184952003,0.009733998404014968,0.03210691193898146,10833.443533994436,0.03440873530053068,0.033465320122559206,0.594177869008219,0.04746051002991025,0.08063293692288676,0.9508333674681652,0.15269590806656486,0.10480813668642741,0.36910915683581913,0.21165740822262682,0.28403446109895836
1.0062136258579586,0.002741055900274514,0.002674247013763953,10830.082105806057,0.018575644035081496,0.016941020672675222,0.34512446805045127,0.010481333960429051,0.010119829358218702,0.751868908764271,0.019324379552600357,0.018958397742326882,0.01524339919974457,0.006831803636017155,0.018431393082263384,10833.355468650867,0.04191299240301305,0.04211752901392174,0.5134559672520038,0.04152497894175089,0.04279312044606365,0.0714901290323035,0.05747774705039442,0.2583632156728215,1.2649452200151088,0.14292921335983189,0.11109111560888807
1.000219474579046,0.002682738655519712,0.0027450360993177547,10830.115622130188,0.016991985858112457,0.01731446543817583,0.3309484774077164,0.009134271870160304,0.009483656754484204,0.7412540717642118,0.019937897885582312,0.01864048895293191,0.014963377616639836,0.006513375175879712,0.02077558455746502,10833.333110459553,0.0350754380779108,0.03703285259689437,0.5001699673512644,0.03873617942205004,0.041646306495160546,0.04466321314882988,0.03279659123838008,0.1580136612528086,1.2147676221321446,0.10512677310650287,0.09384559217801502
1.0042593990364528,0.0027735888008217913,0.0029303786861343273,10830.098658785968,0.018029901850241004,0.018410959466564236,0.33793386953221016,0.00923892224735895,0.0105339164973835,0.7570095244933241,0.020510674554101493,0.018805222076224593,0.016157457050090446,0.007463169087494623,0.023577545275842493,10833.349984619552,0.03711201198530034,0.04000047100817028,0.5110916955420273,0.03960582333215912,0.04284417813205954,0.042446732878902896,0.03023926328552308,0.13467251906191513,1.255403632337736,0.10259839242213098,0.10466384132633233
1.0042351513417667,0.002713762942640363,0.0027815605273167066,10830.096425278449,0.01746153098429204,0.018781967944960343,0.35276734434361523,0.008811843716882872,0.009736595396647119,0.7752833600729387,0.017307140692849665,0.01804534105883615,0.013635559287081545,0.005391779320526004,0.01667620031729671,10833.356823423852,0.03607395917060785,0.03936973803138244,0.5356775879569322,0.03783054597773683,0.04055074121764923,0.055650447050189136,0.0415486724238734,0.15133728255402062,1.2795043264625305,0.09299606534246951,0.09208387384776628
1.004458711744424,0.002526277570413793,0.0023237811108023365,10830.04698295514,0.013159178330170107,0.013535553514884668,0.30188841080331313,0.00668715884188692,0.006709662215584167,0.7118300166857436,0.013644956586160939,0.013888846284253575,0.012670713351018797,0.004666218640358046,0.011232873363217467,10833.417284825202,0.03210390641288541,0.03170847878209315,0.580432095271694,0.03521352459479421,0.03536700164913775,0.04048637749785597,0.02820458977209403,0.0949737569938433,1.3520655476333396,0.07581170467786413,0.08191866440107787
1.007267012250809,0.002617154098689456,0.0025585755098009866,10830.051171733647,0.01432031528747757,0.01569134536475758,0.3104756860166198,0.00725064117207308,0.007092733224958014,0.7363935902333296,0.0156085954160331,0.014252697764195688,0.01121970352093972,0.0033417084848165416,0.010942781282057303,10833.421318546563,0.036547742816765094,0.037893855303991586,0.6514466058687758,0.04285002842356744,0.042167095136514066,0.06336424744891167,0.04818551022946061,0.17777932256950277,1.5377595568614653,0.10800044229616601,0.09267498368690763
1.0078527602972884,0.002380545085457264,0.0025804533311919453,10830.033500754098,0.012186493026092649,0.013237269386081607,0.30665868877828517,0.006153805125148848,0.006889644552023455,0.707299374717872,0.014471844743452533,0.014191331740570412,0.011674724226935933,0.0037936968452200875,0.010970958063044583,10833.445843852845,0.036921067017829046,0.03664994433893298,0.6410873389932952,0.03644995134341822,0.04319287142989914,0.04860448360094449,0.035762960318261705,0.13601113382680136,1.495100368619182,0.09050887016039888,0.09243792931471217
1.0005093335596338,0.0022037913845188717,0.0022164943580007535,10830.063365275062,0.01259679480426712,0.012966513397259405,0.29669832391695716,0.006839644584476778,0.007255704085660175,0.6941612444561805,0.012832394295373861,0.013868887093469784,0.011932166129693098,0.004116225810187311,0.01168452089992189,10833.35352210842,0.02834048242220888,0.029422787249131943,0.505728165331429,0.027624366394318867,0.031089516734127187,0.03622819195251654,0.024381974376814455,0.08852538624662065,1.2262870310806795,0.0718661802305598,0.07227200777494569
1.0048700805308737,0.0027301156453916064,0.0025491589570045825,10830.04931423676,0.013611684595161933,0.01443393943918636,0.32561901268811,0.00816672705939836,0.008154939783877047,0.7302903112196322,0.018210590829912388,0.016312813678913796,0.01582595882791374,0.007328398441540705,0.020236369818969473,10833.344653156988,0.036333105510493624,0.040093919156788616,0.6365122414099325,0.045171034273389976,0.04272204949431402,0.04649055645129348,0.033921317579497734,0.13729930925089878,1.5567747469288624,0.10381860465931703,0.09804971811157737
1.0059236490997545,0.0024890973098927738,0.0027833514421855554,10830.026306863216,0.014412890981475357,0.013724735483265249,0.3350572829980182,0.00836006518509047,0.008076321733873015,0.7552715337292795,0.016621686049987816,0.016296098214106935,0.012987500158514343,0.0047710357414367,0.013869178838844875,10833.347382701966,0.03951828259596368,0.04114125220075948,0.6464934321159428,0.04623289536839337,0.04179682703454346,0.06571315188434393,0.05168731935487996,0.2279119061335527,1.555755950260258,0.1200429234142415,0.09351270969867365
1.0066409588063205,0.002665250589450441,0.002529164518466853,10830.037780774566,0.016636408072372433,0.01727045227198687,0.3340603488827244,0.008647651963837488,0.009594515151591043,0.7578832322777704,0.018678313589217455,0.01797515821179363,0.015371956671085134,0.00703922508086725,0.01955446249463399,10833.229258470383,0.03106802761067229,0.034444945864379406,0.5645157556129549,0.037935395526255467,0.03805844825477522,0.048625670888289896,0.03588402657101832,0.1428675155049454,1.332094905676262,0.09088358339410152,0.09064890516867363
1.0028821272966213,0.003332361606175893,0.0025341738904607336,10830.097861047449,0.01863491137191886,0.018168801401770907,0.29092388180321116,0.008401749727847962,0.009336162098872447,0.708257759343085,0.016508994658667397,0.01636437960680759,0.013735874179581678,0.00527528512422034,0.013101354749858827,10833.018322249125,0.021481442261574557,0.02217127445510414,0.6442351971968263,0.06174325490232402,0.039784956728287524,0.1704216626255125,0.15006958744414473,0.25718311347433914,1.1487428180181776,0.21169011629758183,0.08535537486550959
0.9999648731591195,0.0023612121337730496,0.002462314010784006,10830.079641265724,0.017473352008892107,0.01686773169603839,0.2914701488094239,0.008327461694713378,0.00921789483019636,0.7034412927139229,0.017484246470050424,0.017333997958902114,0.014028987581557212,0.005783884422041424,0.016144297595209356,10832.963122528061,0.022011035674950108,0.022391214462913922,0.6688942719803224,0.0467649085524271,0.036237881285294926,0.10342014793994164,0.08665127084768154,0.2701476800272361,1.2292215339170283,0.1595981788440306,0.07342373102157151
0.9991133855556942,0.0024008441970454486,0.0023904851255134307,10830.052060039114,0.017785477082725265,0.017210051286383532,0.3029640202190862,0.00906148329689932,0.008502836724320895,0.737377376251046,0.02008737403506633,0.01829712037305009,0.015531544836612562,0.0070437166466905,0.018668234729502412,10833.006349073545,0.02327488314585935,0.02233428621002531,0.6657275729672076,0.035617765770146526,0.03523662621315937,0.11386729921922197,0.0895772542464061,0.2212618669369536,1.1414121575809475,0.11639284124015892,0.06787421749282596
1.0068469505858308,0.0026642165842147847,0.002975268299370226,10830.052464579654,0.019437580131125287,0.02030492771518766,0.29142833943997687,0.009983142320167393,0.010161160948672199,0.7017544393438131,0.020668695763410683,0.020419543465271417,0.013357294082269497,0.005191210503355317,0.012658952874047684,10833.039149602577,0.025674477701613796,0.028445611997085507,0.7423199670468164,0.04163611711079984,0.0454150829170924,0.038296615639893755,0.026588750387524042,0.09817486532706643,1.2914766190195,0.07492034351065646,0.07934675923301904
1.0051134954427619,0.0036998924094420182,0.003537253101560056,10830.055194255321,0.025209977802660433,0.025694040885355207,0.3279148907323528,0.014430069631308051,0.014720259341052866,0.7728060981521545,0.02697668347321658,0.030031431275835296,0.020238508092799146,0.010773702117044367,0.032222428175758815,10833.184225503743,0.024529341817469685,0.025311513361884863,0.7308820771382294,0.04222622084377814,0.04805236074198138,0.028714791678625506,0.018378827989297998,0.07336195874639125,1.0663116053412418,0.06295684432222126,0.07329267154020647
1.001944116288989,0.00317813136669709,0.0029913964655541303,10830.023876791063,0.023285299284907524,0.023355190171059803,0.31858178812537663,0.010728148817680583,0.011560800265536686,0.7598917814934643,0.022643640850721125,0.024190831274954805,0.0170048547109899,0.008056890245626096,0.023999652799375173,10833.144273883641,0.0270689606313681,0.0262876246979431,0.7396584880300984,0.03997766175990358,0.04001030118484472,0.03665902670246672,0.024669321922637027,0.0940939036334703,1.1549343790866775,0.06432083914061049,0.06716741764542156
1.0099124571049711,0.0032024790792695157,0.0031544577646176464,10830.014802467223,0.02324557359861501,0.024544462969060987,0.31598157981457753,0.011358691879276517,0.012057362767678104,0.7394246575527105,0.024226387756556944,0.023500308091652045,0.017042154624740773,0.008089962581306016,0.025591133362061407,10833.125743503166,0.023937830124850734,0.02441877533783554,0.8406322584902786,0.044347275475156156,0.04472566563260161,0.03507053741066997,0.02343590748444276,0.07797169578079434,1.1945113542543777,0.06555579887356511,0.0663465526884206
0.9975076635643862,0.003054157106380906,0.0033640560652543616,10830.05419481083,0.02563874709812808,0.025453842299612006,0.2986362878375479,0.011561273055610166,0.011430394382719922,0.7533524661898574,0.026207550326662776,0.03034773809793112,0.017408348084856785,0.008661821358037131,0.025577843733388575,10833.154700546864,0.024441882744213217,0.02432139239317621,0.7136080514156905,0.04031325989192569,0.042898256514026234,0.03802164214459984,0.026561521888617594,0.12905771595881876,1.0767269512203568,0.06856821093606302,0.06925566381705228
1.0058960689884442,0.0027802180375000596,0.0024964499899804427,10830.051975669161,0.019346057624716195,0.021107137617946137,0.29336296682673424,0.00906245880542278,0.00966530888707623,0.699622425718248,0.020319092040192888,0.01997589720174553,0.015380372373080462,0.006886772478667421,0.015818313205526183,10833.132963271377,0.022456906184743275,0.02223724093164492,0.7287921180032685,0.034748236805775656,0.0335056993419407,0.03960917416465995,0.028566735863796086,0.11180860190152417,1.0694991891279437,0.06148459949736873,0.0523306861938595
1.0088933706084653,0.003574022640338237,0.0033693690055247583,10830.051502834396,0.02201594789585215,0.02639457251643762,0.3084468443273988,0.012027811642384645,0.015413382368398898,0.7303194212040474,0.03335234630080752,0.029101801086293455,0.026913973088452583,0.016241225611801552,0.06311869630532799,10833.173848445644,0.02560024258127669,0.024776966665740474,0.8612721040368645,0.04821103490034262,0.04819326923892342,0.07612752042214177,0.06099505084241907,0.2254881317751492,1.2603210646752958,0.09782519657652511,0.07083910103203661
1.0043662004250242,0.002491284501006108,0.0029019741524034526,10830.07302971819,0.021772124144263216,0.021550103003391996,0.3058587837840953,0.009941278416229826,0.010486128167000175,0.750705560909676,0.02201693278285677,0.022211644367175154,0.015616989285391191,0.006976102308741487,0.019271207388849246,10833.126915317258,0.021759198356448906,0.022314345425911597,0.8182312600878452,0.03638371366978799,0.03895378116638293,0.048139366042387194,0.0352719268858733,0.1218751476148004,1.1688503775275654,0.055794780906384345,0.05805699807421605
1.008782150643723,0.002774407817861757,0.002797859764205546,10830.007081754,0.01810165752795001,0.01995015996726579,0.32022996565829737,0.010086700579130081,0.010434617324158346,0.7220709646873593,0.020197136820807704,0.020012380000468455,0.01603245926999044,0.007313783574209108,0.022122995330848896,10833.23327971775,0.024835946285747923,0.026167584181166603,0.8581055153195215,0.039824755782084886,0.041617869056013945,0.061482892355783594,0.04701453761278342,0.16291900979238405,1.2265015998106563,0.07707565164778729,0.058397613100609425
1.0058036117898494,0.0029044151707828814,0.0027068764868576345,10830.043192898243,0.020931894085151725,0.01945088477623358,0.30648383475788715,0.01007611588369911,0.010270106384799249,0.7239518302133607,0.02132077078993,0.021529445156798777,0.014625320140848639,0.006044346730626508,0.021165929941947135,10833.194454268567,0.023251861459357315,0.01997103634857922,0.8740509862320384,0.0396871139493028,0.04043371064423562,0.03809543278938964,0.026536526703661564,0.08974389443726583,1.2122775883456378,0.05991353303611824,0.05563113164282707
1.016918520834853,0.006419448687478901,0.006940726177651069,10829.926779501136,0.026549410022198572,0.02562277901233756,0.3150338965889442,0.016369679640392376,0.01576457702270967,0.7125896256248191,0.03374604658375624,0.03368054181791791,0.028563141144824666,0.017904957016505935,0.06368428011388033,10833.09400801646,0.03984743816181435,0.03729810750337492,0.9502090364597405,0.11846301971322848,0.1342628157773057,0.7532885289889439,0.3200803627976936,0.1837637478033617,1.0869430971410574,0.3156682669113611,0.3657511018650599
1.0177939357262136,0.00397745773728575,0.003844357941425791,10830.026188382206,0.026136964157558396,0.024331123771844432,0.3248285989594537,0.012266767163442605,0.013204312705696664,0.7263036959135861,0.025905444274965328,0.024584563138933202,0.018883390673895113,0.009906832465867103,0.03224770522571388,10833.092918293201,0.031689807703514816,0.03256466441962402,0.8883984211051347,0.06362012014029417,0.060042239102323425,0.1019407366097759,0.08547315795642792,0.25284187518638823,1.296200279511766,0.12273094427892928,0.09252427918880746
1.0052489867540673,0.006496687257773082,0.006719988791288989,10830.027560338805,0.038344628766935784,0.04442570813262137,0.31721978002235235,0.019223178008985098,0.019797220213942923,0.7576311315316182,0.042311480083717434,0.04251606459837842,0.02390887189724676,0.014148708892852628,0.053608041309896326,10833.08186944927,0.0483514028674108,0.04176634344185004,0.775613077905948,0.1321039546211974,0.11584131200898318,0.49031325542594295,0.40567105306837736,0.27523429581729697,1.0407919800686702,0.4264518568327156,0.2850922569537653
1.009433953850114,0.0038732933261111935,0.005088750585250379,10829.973076980932,0.033066011612390867,0.0331173797185329,0.32809534405195445,0.02590131000981788,0.044172767579639616,0.715505460643836,0.11925615379512733,0.05808687883249242,0.10222570143771392,0.07988528699835407,0.2349271523046002,10833.05940774042,0.03769404732156545,0.03549005211425538,0.816402658198985,0.052587572292697504,0.060383820471685556,0.05332527894627222,0.04042042011273536,0.19135271356367978,1.2062698023700904,0.09770925441034461,0.08997813623406548
1.0080202616086398,0.004837201106159927,0.005204933267287215,10830.04952682223,0.03185167750234541,0.02862427408399526,0.308994425479028,0.021780845946168692,0.028090665356089006,0.7036502500783759,0.07411925392110807,0.05016095121166331,0.05003878201780295,0.03694566144074704,0.15761081817790182,10833.033192092538,0.03973662339558359,0.043261892526061274,0.800909517736559,0.0747283546094496,0.06939294804825735,0.10728442619220951,0.09239583436518062,0.29606900636098304,1.262899461325111,0.18061004827516913,0.11641444498266318
1.0044748512654,0.004262895409514966,0.0038298430257370786,10830.026569990892,0.027126971721372684,0.026061811116960598,0.3092621427113177,0.014325159103452223,0.015089946791596198,0.7469630513645245,0.028336810007363877,0.03114441372710841,0.02016401304237645,0.010791113744234757,0.03368549193784313,10833.091367460418,0.031585857232130365,0.031008864820250892,0.8790715282917618,0.05717084619264534,0.0585519668222092,0.05409423870027408,0.04128231019390228,0.1925042094511944,1.3303886145331498,0.1010472388528878,0.08700276747467073
1.0091332613380244,0.004662142823379289,0.0036132125730941045,10830.061855856082,0.022308224437438184,0.023671871018450474,0.3116160070112871,0.011316450092030028,0.012186966842588798,0.7274684807831524,0.02583197271933635,0.024664051943454557,0.016921688655067234,0.007860215909954076,0.025114735549125973,10833.107559506672,0.029001867993429187,0.030180249519617064,0.8989859351405527,0.0826941307190513,0.06455954749247717,0.1359679378194215,0.11553904851761611,0.35847892181443736,1.3610531804986776,0.23339449933476142,0.10478328925089264
1.0097921939957768,0.006470929808038983,0.0043277741497069755,10829.987136310408,0.029158558059862116,0.026191014647338307,0.29496851136692287,0.013376544335772622,0.016064590792643996,0.7355657153927608,0.031927148118231385,0.027893323327583874,0.0260591826806347,0.014765279733432652,0.03456631891301895,10833.12014990674,0.03711673229372536,0.032775134406620055,0.9239846747452389,0.1402715519582789,0.07740561016519187,0.15752513929944256,0.13931072721062543,0.5154095640532941,1.4213701261673677,0.44881685794388104,0.12274183828309182
1.0146927958174397,0.003638670376736375,0.003663635329492765,10830.034998579351,0.02588534541609988,0.0248330392587377,0.32550411462012463,0.01294542608843574,0.013865809461277079,0.7515205712369999,0.02871065809557838,0.026824935847483578,0.021052102854818306,0.011506071378640865,0.037032561421088905,10833.097401939374,0.02971853696544713,0.02952439949149266,0.8609037032855934,0.05455040413236556,0.05181534308380764,0.06756189397305762,0.05331746691614537,0.1998559317954327,1.301287272057336,0.10016793279803782,0.07914931284597326
1.0019054357056616,0.002643551362999985,0.0029138790716731755,10830.075665563505,0.017711093936668476,0.01830212471395498,0.2963089562331059,0.008902403810358284,0.009321306761662651,0.7293261734147898,0.019389485834806486,0.018414001904529465,0.014170888159913565,0.005701919222750904,0.01678996485670133,10833.401309687666,0.037414240372527274,0.03974994439158763,0.543405999565735,0.03848258285745654,0.041555392269564284,0.04866178143160296,0.0366191929856064,0.20756808872480778,1.2028662388711597,0.0970218269744112,0.09104879285350376
1.0060568256363074,0.002913806728042534,0.003062896931008252,10830.02530806584,0.01381462227254815,0.014763625204068376,0.2973424573435439,0.006794586588656282,0.007304552465913272,0.7060800128989562,0.014547755560720632,0.015683155218538802,0.012968329895031504,0.004787157682355082,0.012099135927958651,10833.458564140052,0.03851557679081452,0.04223933730281715,0.6649181305912539,0.04637009280737181,0.05169534996736147,0.03757517062017973,0.025858203214011246,0.11546855914420803,1.4923260117685115,0.1018217281963325,0.10316139378784883
1.01193119289489,0.0025832497168383206,0.002534144397035254,10830.012385454116,0.014132043843346764,0.014221369574443088,0.3031453027239539,0.0062689088660625725,0.007342760079400157,0.6988513669403356,0.01385015060250705,0.014629745933801286,0.01290227410720874,0.004882183479472637,0.014230139744302348,10833.478488023156,0.035264461490442045,0.03662823212289368,0.7359331493662953,0.0422702521095778,0.047949314843777735,0.047302457513512905,0.034967832102597206,0.17076631503777662,1.5407940561079783,0.0906906238608638,0.08455915991721441
1.0048873937539953,0.002302125190057014,0.0024636591387112716,10830.032144232675,0.013532638187825796,0.01572309412404138,0.2911704779191568,0.006362772326923893,0.0067240025414813664,0.6837174731072562,0.01461146103086175,0.013611346726626672,0.013227086365998304,0.004859876445716822,0.010720235564735309,10833.394688950086,0.03141021941155486,0.03315246268357441,0.6244930846570813,0.03715822284734105,0.04062081813548801,0.03641847528853874,0.024899748844486435,0.12664535793222248,1.3158919748995137,0.08096441490181605,0.07837668441372103
1.004978943256841,0.0032396116536483888,0.00344526378315968,10830.049054180978,0.014556029802406556,0.017192454857649864,0.28065937282112796,0.007734923273778005,0.008068759894558741,0.6571666432927972,0.01643614690429218,0.017630800527082435,0.012866935361318561,0.004522646661356157,0.012866787208519928,10833.470591870999,0.048204169692326104,0.053726360225482495,0.5904675378868968,0.05301975937264414,0.05665797003006423,0.05559420703959209,0.043072331412296175,0.20600117547463845,1.4336704017828321,0.13427122060750385,0.11812139782616282
1.0067616234728258,0.00320283071580163,0.0037143078075270175,10830.078552309293,0.0179436814141809,0.01754078024350747,0.2755096799007008,0.008271710321195502,0.008396060707801412,0.6627263663133877,0.01563589064279658,0.016460881675489536,0.014366438964294691,0.00617918743575799,0.016027902618118026,10833.542021307785,0.04855901238806837,0.051377777444940875,0.7088301048306687,0.056607032372899546,0.06426337265411153,0.06761787012457053,0.0513335937483692,0.21293390836380438,1.6118094436258317,0.13284468973647723,0.11685984043893693
1.0017632650686958,0.002531511541022491,0.0025703397726488664,10830.087889187536,0.016113362198666437,0.01567748250636214,0.28829745113095734,0.007214638974265497,0.007979970339075326,0.6824092728702762,0.01662615138217849,0.01592056307034284,0.013359492934395884,0.005053684000553093,0.014367019800511121,10833.34846843669,0.035378819669858785,0.03599959203711478,0.4942845527459166,0.034609840625995036,0.03858147390134298,0.054050937000528806,0.040932797674202284,0.17136607156996186,1.1257356781266266,0.10153282729381918,0.09124060821919944
1.004173448410444,0.003182696396391238,0.0034594189248298157,10830.012813232363,0.019809793529930175,0.017925559857758344,0.28358124479375235,0.008984077304513893,0.008711561431469728,0.6849322793514525,0.019968226245104526,0.020998739249456277,0.01630771593106093,0.007328182339925644,0.019976166988713524,10833.430992944188,0.04460206445401127,0.04788290897522529,0.5967111158064726,0.047560236992091554,0.05554070997207827,0.047906720316150064,0.034977716687896725,0.1275425538661545,1.3268207231491629,0.10598275278547664,0.11268391350805329
1.0140068113981648,0.0026967130235902026,0.0026727491400548864,10830.012201830916,0.01385930819924397,0.013441800059808884,0.2963643831875333,0.006468157230067939,0.006532347973763564,0.7256696253751052,0.012279259974246393,0.012714090458556426,0.012255476662633552,0.004273211376748444,0.011159834285268554,10833.243914816747,0.03170045518891129,0.033393578945833724,0.8526596174691934,0.049505170586730096,0.04965043099439437,0.037476974964258905,0.026201838848076094,0.10887828691610939,1.764380908618593,0.08793671735625685,0.08734524832201163
1.0083011902857357,0.0028076080554739757,0.0025463880312794895,10830.063794594285,0.016606628956651548,0.015507908665313153,0.2963100148569331,0.005954993743464643,0.006746556975131546,0.7173702635254524,0.012585622195854906,0.014189117582300126,0.013506916178654599,0.005331520603774141,0.014345837979512586,10833.194638682438,0.03349227005128341,0.03506077401289076,0.7594290786726736,0.04538942898575271,0.04874879621575212,0.04603743227571632,0.03331537273166295,0.13614727975837604,1.5797164875953902,0.0861688950541708,0.09220816152229672
1.0045748250397337,0.0019220442271545846,0.0018646206461521153,10830.043760796136,0.011812871525762603,0.012914070721308235,0.295613086803726,0.005574101964215483,0.006469025536786244,0.7188886533571155,0.012726822676645155,0.011474265563471087,0.011150610359529842,0.0032112237193536314,0.008959196422471335,10833.222646219338,0.024671275832588435,0.02410935847365181,0.6957188366099507,0.0339112075269018,0.03185124773608794,0.0634279998374462,0.051476746598592665,0.25137859798039935,1.3374290426334208,0.09627762964612074,0.06184698539298483
1.0035324646318093,0.0019275698331029378,0.0018503265203300145,10830.049925238767,0.011187889029315556,0.01243548948514217,0.28128113439497066,0.005004971046484896,0.0052640862239854425,0.7038767989805836,0.012718328438935833,0.0121736512164341,0.011150326329503007,0.0033461836977506107,0.010021947002882763,10833.186524029094,0.021901313732087146,0.02265622433333192,0.7108300544466545,0.03167392413309411,0.03206142175886806,0.05666864323305938,0.043536353075383324,0.19250713399486324,1.3893665476365915,0.07508614143903469,0.06182634703340417
1.0142210566656533,0.005555298366047623,0.005241297836257264,10829.986669217511,0.03332349673837598,0.03453236066525278,0.3175503650604329,0.01515808561251597,0.018268729903603453,0.7665337066070427,0.03221027188148917,0.0327204289807409,0.02180100695109848,0.012042309329348383,0.0397834160169917,10833.31092330769,0.04478364744136343,0.043672100957337534,0.7411062213980202,0.0770688744496778,0.0658387404844275,0.10132986329123805,0.08612168877185941,0.3524184182949592,1.2620631444289419,0.20349535011637032,0.12214642033821677
1.0128906105880322,0.0028329947308911585,0.00262701750906591,10830.094793331806,0.014957899415094289,0.013661777638844796,0.3397736700593034,0.008801665233898193,0.010495695511414993,0.77292849554259,0.018526636552427478,0.016626606888682005,0.018372194794310293,0.00912921012533303,0.02845023688441589,10833.08047381604,0.04048582213363261,0.03894002737069968,0.6668166591320372,0.05307188338743163,0.05214898754095687,0.08525576101653112,0.07008589962900576,0.3077023292414395,1.8053122984657084,0.16935137902639963,0.12444715090047875
1.0008571801230661,0.003942277672628447,0.003650566876578054,10830.025065113396,0.02029498603224056,0.0264967973344028,0.32474507723148743,0.011611884846040144,0.012582312300044585,0.75460469769611,0.024338028675358836,0.023676879399214923,0.017545455205736075,0.008502894684904526,0.03099522895701408,10833.397540353155,0.04269209752237657,0.044530179191497155,0.42815861168729674,0.05675912792333121,0.04974634115002785,0.16913472982269823,0.15088419364372352,0.37172300756207505,1.200527250875421,0.3075850085399442,0.150316826243865
1.019055853071243,0.004414465809511103,0.004377291392632543,10830.05416531561,0.028850196382336435,0.02900677795878437,0.3190726186419831,0.014710124037449701,0.015752925864692735,0.7297589302217058,0.03403639340705977,0.030368093508496896,0.024907263890971233,0.014921523175043687,0.043534209569516764,10833.332499472817,0.03887771632253134,0.0421993469572044,0.7453154450876418,0.08513760127677239,0.060480239235049416,0.17164893336977435,0.14982833648541963,0.36287771697846005,1.234534845841259,0.2789220011687934,0.12028552225615408
1.0176150925274203,0.004094148803106323,0.004377900946693991,10830.039109367346,0.017365466448609368,0.01764179024939949,0.3142144528223648,0.011386158820745895,0.011929321231141266,0.7328489525618429,0.020296454797997243,0.02070485847572201,0.015550603266754915,0.00677572343464153,0.022512657147543226,10833.070474305627,0.055273816416956834,0.05506685369073239,0.7932072637025377,0.07751166641290952,0.0885828280785782,0.0476723691488648,0.035593699452812856,0.1956929016524859,2.0129318881527727,0.18401602490026803,0.18519295861165386
1.006331641807792,0.005767374274156412,0.005433693122237626,10830.09647008654,0.0297668367766164,0.029215838840173092,0.34500266026370596,0.02163629712541909,0.0265210585314703,0.7340828308634655,0.054590215323749636,0.03690447178476086,0.0450788481141733,0.032066056267990625,0.11638688310495525,10832.920550616871,0.053618523432305665,0.0532274851884722,0.7227425215836228,0.07454297705473589,0.08058211487241573,0.08533588867680192,0.06978058469910642,0.3161536921556472,1.4327543809914869,0.17891805146582707,0.16452548954156976
1.007823785548867,0.0033826826118836806,0.003890053839203711,10830.080183361588,0.020708322368591325,0.019763186364798457,0.3221791027311802,0.012714583338373886,0.012794763469390236,0.7640941936863253,0.024833340719094266,0.02467496336256736,0.01895951047190742,0.009805531570218112,0.03268562739028293,10833.015219172117,0.05701456550923467,0.055503664783827844,0.6437357546783063,0.054647291462371794,0.06887018627045771,0.053682069362008894,0.03986473689740772,0.18772569431935732,1.7787288047736172,0.14739563721577098,0.1726117489692729
1.0101578295392397,0.004316798644377506,0.004823879808906639,10830.041433937942,0.023571917925437447,0.026049946862258366,0.31652450702991863,0.017181431290204552,0.01758702256020306,0.7205129174823788,0.0394124749620931,0.03497991797408184,0.026878088089044558,0.01626709681874504,0.060304507222683004,10832.953673909211,0.0649856182080839,0.05806794708951202,0.6071347175083934,0.0816634601866365,0.08724849205993257,0.11674013017356016,0.09920628303730412,0.4374063219070327,1.5907818571349792,0.31329891372931895,0.21086723476555402
1.0164466311242633,0.0030780948404383057,0.003243024551435658,10830.10250295188,0.014626383632275974,0.015732330797618488,0.33349814274419437,0.009368596364964621,0.009653920479398559,0.7821415369081697,0.01606759458249296,0.016041529698398893,0.012174701901148995,0.004257009406653415,0.011110634608427414,10833.070572765751,0.04567819050498656,0.04330512438173173,0.8046852019879842,0.06373372094316143,0.07132059711662675,0.04727036832067785,0.034508771482599315,0.1347935553652803,2.1402889373644296,0.1451136551486194,0.15515912914799124
1.0066991249225437,0.003871364128306798,0.0038921772636646423,10829.992179369774,0.019567398196159047,0.01931888393119152,0.29362229376307597,0.008835419362109853,0.009951167765203717,0.677340308873063,0.020339424405257822,0.018733118955285066,0.01901362909546861,0.009935436270475216,0.025808341732751268,10833.396772625514,0.06500919208883715,0.060991749305685516,0.5879737985449052,0.06441252888433702,0.07403220277368427,0.06465351271977754,0.05192540794679992,0.27361337101638,1.8609263869155392,0.20605489451398373,0.20654556076998265
1.0023026213081994,0.004491933439407125,0.003938918649638801,10830.039169612719,0.021650012024110765,0.021092170780320885,0.3190015826130398,0.010566346440289087,0.011320545935657456,0.7029765143747108,0.023355358417708194,0.020244308029581437,0.021469571888281247,0.012088849385921646,0.03491208391886491,10833.01702235131,0.04378162319699186,0.05009901712764986,0.5541188572669593,0.07927865725828925,0.055899984653751345,0.1392490612647891,0.12290445022745841,0.4435722218001329,1.4285826575613,0.34083103945489346,0.15347793628095663
1.0116792549522882,0.004073563442739125,0.0034236620476375546,10830.054805903099,0.020785000289833988,0.0205681222887506,0.29922894902785335,0.010386752204739336,0.011555931320640256,0.7108197855715992,0.023779809497080695,0.02126847088608197,0.018765095574521874,0.00951315034520561,0.030066890656004226,10833.336608307502,0.028891086056319182,0.03198991913268401,0.9526588088755531,0.06236906274595533,0.06254341727317547,0.06847091744897987,0.05434175801680876,0.21660009537079233,1.5804608081597291,0.11046395539064613,0.09480041885076673
1.0124861657115498,0.0033995331412359775,0.0036235771144308426,10830.046018243334,0.02221858727716608,0.020993830783481826,0.2850940826270658,0.010625345074807002,0.010944930140876663,0.7019697637715792,0.02519279510162087,0.023841968974541383,0.019477209476287956,0.01025490248773837,0.03333059185852763,10833.293881826354,0.03260266317738569,0.033778529625124065,0.9575486953628416,0.05838178958054019,0.06274873695451655,0.0483903452543461,0.03575229434572032,0.15124958890147944,1.6534160027081515,0.10631388698370658,0.09682240057855784
1.0076938251896346,0.003600874564538392,0.0031540801355149917,10830.005942803933,0.019196255545466556,0.019407315006901626,0.2842903896626874,0.010208486499041936,0.009482141570810065,0.6782246958999573,0.021695693012815154,0.02102861906008846,0.015551126773212649,0.006937286226946051,0.022319627246235662,10833.282871207188,0.024979297817480983,0.02952029008338286,0.9000832903686924,0.05063167608415309,0.05165651845349717,0.04687223711670721,0.03365950643942204,0.12419363296594282,1.4973035197831124,0.08317360370303684,0.08517660397342053
1.013947806039082,0.0036738214938814018,0.003946194227064881,10830.018046690975,0.02510392824842711,0.02348264451029536,0.3113505985740266,0.01233676810975648,0.012923950879688062,0.7790013984713473,0.02294600315445816,0.023139467443637596,0.01810258999847264,0.009063586980079382,0.025946772114959278,10833.379049481968,0.03212983776757028,0.03307473200584354,1.0188460328813806,0.06458040571217993,0.07164884431688634,0.05266933434726719,0.040565523565543576,0.2168017496373323,1.6626266261673952,0.11461984909540202,0.10512358116236808
0.9978669653760289,0.003908731980399538,0.0036852613866299455,10830.037257104294,0.025880943781885435,0.026379219178124913,0.3104766399631458,0.013495580015876363,0.015602302151167147,0.7259962867862482,0.030295306463902993,0.031234057536848492,0.023357020520770176,0.013678572403061601,0.038451410336452614,10833.233050245239,0.028459596935135778,0.030904955327059724,0.7358146130182912,0.04267791970797252,0.04217579232790236,0.041599973083517844,0.029374186361203723,0.1117081427973792,1.1551154879762353,0.06777923744099401,0.06956961669467154
1.0139475394261028,0.0041002862050296685,0.004341927200946394,10829.943804103463,0.026191899178229505,0.025994791045377497,0.2851261145613677,0.012862001797925793,0.014666615738518296,0.699879401985158,0.029196576713856004,0.02436115309684539,0.021749435084622164,0.01188882508829444,0.031741354408784575,10833.200026083374,0.03142025342094712,0.03009198885956721,0.8686910191193,0.06708473686962368,0.05877606612516484,0.11340256446499608,0.09712840046762014,0.27240892842320263,1.333081499332977,0.14708229188740818,0.09010893772344741
1.01193622021984,0.0034575306378916704,0.0035434805283782733,10830.02930909164,0.0224703611638688,0.023807813973689917,0.3031430693583428,0.011704233372702377,0.014372927142406233,0.71954078066871,0.030741087017560287,0.02725698995500969,0.025042945582529653,0.014512395575367026,0.04514557343349398,10833.210435016417,0.02689266968809534,0.023870133652962977,0.8663515537646167,0.04895975396027663,0.05270426310968912,0.08248057810530149,0.06658275636745677,0.23269920972502858,1.3050953714980136,0.10569333023823257,0.0784675162771391
1.0053067229679296,0.004115719613560609,0.004053900872564187,10830.058912729746,0.028814679018978495,0.029011889686444192,0.2753103542168281,0.013131731773165178,0.016517892386957556,0.7024875192347082,0.03245025910600596,0.032816350626971635,0.021907357747850097,0.012252854173517382,0.04617716786932618,10833.201338144769,0.03091277333078324,0.030056994854021468,0.7855080779587907,0.08152949427954714,0.05688292291407904,0.17079532661628302,0.15081591016546092,0.32130763454078204,1.256017306681014,0.24502127938518425,0.1045346930589206
1.001340507468389,0.003397947990493644,0.0036312273973637677,10830.052211281336,0.025376214942298247,0.02588417187325831,0.29112527931425336,0.011363962883632395,0.011549362968226617,0.7211785215385765,0.023900630726890304,0.02548510533686643,0.015212024050585773,0.00680126095484496,0.019571717937961353,10833.238976318427,0.025322900195533293,0.02620376107188349,0.7846269191041413,0.045159231425919155,0.05311921358132499,0.04465472013524281,0.03198618947875285,0.12717169695441283,1.2488532808899748,0.07623716028721605,0.0824294969302477
0.9996838019460931,0.004214203456954668,0.006752190656876267,10830.063182323627,0.02678298359569453,0.02636476893167128,0.3260741536057567,0.01496631904144402,0.014519261838663311,0.7598588105571993,0.029356517159809137,0.025837151005529524,0.026480863630252385,0.015730522671954437,0.04398292630542622,10833.23695615716,0.023353077684078016,0.023285830817258102,0.6246584141573308,0.0653747773705019,0.15926310352661033,0.7422500481362863,0.41078977900823616,0.1368912230124062,0.5875711779153041,0.24594809511481935,0.5455956618717566
1.0087406847264506,0.0031099942124206414,0.002958846065443277,10830.016595386982,0.019270397180662258,0.01948698047635844,0.2965071311428632,0.009204605850364811,0.009681120085290151,0.7371468983632483,0.021429664765565293,0.02072395223900736,0.015422600621513946,0.006785205474429231,0.021617922922995574,10833.241643621268,0.021649493884979165,0.020185010824206984,0.8807260280000286,0.04552737887686931,0.042047875755503394,0.05167200311291115,0.03890221971666733,0.17392863766672215,1.3634352275086752,0.07710063615939222,0.06529264464387219
1.0066320993961264,0.0033635517964079042,0.0028440851818285484,10830.077819925822,0.016320338430887205,0.01671819713556033,0.2997843003035291,0.009539230889951178,0.011705408988010979,0.6998089974851174,0.030361981877316646,0.02135472470476618,0.020698689656508208,0.011503104734599952,0.054255250742918225,10833.266010783194,0.021265155537548708,0.021506535067601362,0.7861421262337737,0.0621830810709163,0.04091702184170154,0.17779337463376813,0.15668363879233355,0.2564322474174333,1.2510002548796462,0.17860678955287757,0.0779317689529695
1.002016240827996,0.0025521714711349563,0.0024992892203081762,10830.040370369803,0.019256630912423134,0.019047750440222444,0.29242725111950396,0.009684086167044748,0.01169000703164208,0.7400738550070052,0.023245414900669448,0.023114642500178362,0.01936704802665771,0.009922536894215093,0.02488373090127144,10833.238364461786,0.020874236342933727,0.01995477241325716,0.7596702129070674,0.037047885518938006,0.03678045640136518,0.06598527662430659,0.0522537690251976,0.24522095586521114,1.2206813859442969,0.10374447452047741,0.06069082093167899
1.0072794398852745,0.0031163990207396797,0.002971221684122005,10830.045398642487,0.015681128610594897,0.016240741480942233,0.2903488509225308,0.009181314563559417,0.011133464520821645,0.6836414485759628,0.0210998492528629,0.019872571891670354,0.01673961688781565,0.00814558299503566,0.028216776954083155,10833.234127358315,0.020847637269980623,0.024424921321042348,0.8067996433477738,0.0631492513012234,0.04227444434975847,0.1368043930562054,0.11779109274161231,0.3058148793197181,1.3164204183825583,0.18653259894082197,0.0776576123589856
1.0128969506809287,0.002509790493670172,0.0025934871863690923,10830.029755803993,0.01743735870513774,0.016952756324826623,0.3104264163773728,0.009887389773221178,0.010592517205038399,0.7459149543957093,0.02378086163233395,0.022502452054367073,0.020720016838790267,0.011241133148686022,0.04276936546407975,10833.262094577041,0.020192601483358885,0.01841179247639957,0.8430322373721024,0.03412803419267074,0.033443829453217,0.052212231383386154,0.0388703618237754,0.1506442944912687,1.3054259927126122,0.057122487085685014,0.05461372596964953
1.011568246017163,0.003552856522139436,0.0030194471782636345,10830.029715402266,0.01846047030267073,0.019261180917965248,0.2998957675826351,0.009231392702756913,0.011101619901420612,0.6944486564710606,0.02587593253614462,0.020877600915237715,0.020656114909373975,0.011476362794484166,0.03849792869339851,10833.240459947616,0.021682295937353047,0.024764453151874477,0.8457008996776496,0.05035253715556043,0.043284974808958765,0.0594411579369532,0.046358561348435946,0.21279484210307398,1.3499664614065905,0.10153744968884104,0.06833186959825266
1.0050908085221608,0.0035937066386531047,0.002754639798124403,10830.037809562486,0.019165025320035056,0.020360494052511058,0.30590466139171935,0.011167594901335454,0.01247277293247201,0.7286202598199447,0.02861295393199237,0.027004459754365384,0.025718008056900193,0.015665883363488016,0.05282355046552993,10833.232677480286,0.02411556824699801,0.02526585923260427,0.7946976012147803,0.05824840768368966,0.04218401900732227,0.0970485659285808,0.08176124693652687,0.2823926066232367,1.2847097685275373,0.14577842321857126,0.07586127576636281
1.0056869099012062,0.0030413103984805456,0.0030280017542478888,10830.046068924232,0.019054179685554118,0.020871923412414617,0.3183707975014677,0.012155369742790911,0.015949591845036193,0.7250917634663757,0.02831389621648317,0.024778026811885123,0.023448689000421533,0.013452009147428279,0.05030616416592758,10833.255927113947,0.022951024924623198,0.0234998624673608,0.8240509005234,0.03703400431718529,0.042054104706135464,0.04964740576287905,0.03632520447089444,0.133486957207114,1.2903989049147173,0.0634704298955524,0.07282986936585156
0.9998764917663426,0.0034981013258292837,0.003920816729578669,10830.039606015613,0.02450798236350238,0.024821266644721618,0.3458727278462872,0.013414900458369072,0.01751940590581058,0.7713979249066647,0.03389673043017816,0.02921808913025714,0.03000898953627293,0.018784745233353745,0.058531913537160946,10833.390373242171,0.043487558965352946,0.05078260079608299,0.44796876091926807,0.059174676424438355,0.0668904195749983,0.48372816089026627,0.4309919986207858,0.2688087791486219,0.9954522897481888,0.33793584681601785,0.2945815213679699
0.9985221412225914,0.004596419795327322,0.00471122007712077,10830.028851074832,0.022576266304895398,0.020935184737027157,0.33153718419897005,0.01494349648952742,0.0164112628395085,0.70517990724573,0.03502449063135482,0.029026534198558496,0.023808009677850392,0.013939481289734698,0.06829739825372293,10833.280361050969,0.05157350512126868,0.058253912367945304,0.5302480989832741,0.08973243671617986,0.06620845033211609,0.23146920456853928,0.20968852290291812,0.5073399859033676,1.3758733787831894,0.4898512118983067,0.19086382061155693
1.0049579802050366,0.0029860601089679584,0.0028034169185178204,10830.034055106116,0.017687879691948183,0.01608647265129548,0.3344546409237514,0.010291758611184476,0.01001986829406254,0.7366414395884358,0.019533741359287538,0.01926572698046436,0.016801229172324794,0.00765282328317551,0.019211814102041702,10833.299192037692,0.03683080031441932,0.037671705995308,0.5041902124890199,0.036989917797892014,0.0428723694599501,0.05328290556221208,0.040711311739142865,0.1793071598030665,1.2959211129998445,0.11020067938477562,0.10469347330192535
1.0051669703914472,0.0031591073482200027,0.0032058430991175335,10830.045564136948,0.016950630537394318,0.018347541392358835,0.3407907097700511,0.010802567347448833,0.01013609275472993,0.7402958108578865,0.02157527953052929,0.018701294113750655,0.01646003239159101,0.007935443707981252,0.02356787803232519,10833.383968821567,0.04335198853732436,0.04149034906549787,0.5168224299641612,0.06573207654567753,0.05141672670728825,0.1981750139961751,0.17940681222866772,0.448808155686487,1.3274335721295158,0.35671746651295955,0.15082136681877012
0.9989011941097825,0.004235871710927208,0.003481033547154011,10830.070612404592,0.023680689055254334,0.027791589538537664,0.29176275749167313,0.012768007206597098,0.013305781609198097,0.7072975333795817,0.02461835831994741,0.027466667371643716,0.01633392092648525,0.007610508871332784,0.024610792440138182,10833.343181576209,0.042159024114880594,0.048985171739332145,0.37759168687641753,0.06831538073937782,0.08095362348766505,0.5941158818029237,0.5526190555405663,0.2259339843816538,0.7292721020730625,0.406322081707544,0.4340796471156815
1.0036164450972722,0.0033996326838481306,0.0035696453016744734,10830.016628008894,0.020502348970694584,0.021042292146375985,0.34130853347610024,0.01280972207646891,0.01411576600777964,0.7476402846646021,0.029048334366291062,0.02657969995372822,0.025639195048837566,0.014719192824445292,0.042341640001166206,10833.306483288925,0.04646498930924281,0.043756118928286014,0.5246109200343718,0.0491040933066641,0.04636054672560186,0.05564935908021766,0.0429234037213946,0.2191621671121095,1.2789949862406704,0.1373995800431349,0.11921240860663151
0.9985033432488082,0.0033114242555303264,0.0030716198367692904,10830.006387115107,0.020137044053626596,0.020544868229990243,0.3104960212237242,0.010650974733079133,0.011790370503125869,0.7336186857956726,0.02461779097132566,0.024722305879300133,0.020390133669034402,0.010376481495821892,0.029855908617863657,10833.414985079053,0.05092189021524973,0.05406593002771842,0.45880837206083375,0.03967885517502717,0.04352209206869223,0.04953822351428,0.03753987406211084,0.19261225004056484,1.2697033515022436,0.11771429022152691,0.12270617330074707
1.0003271740387474,0.0031131059473644696,0.002987578563019344,10830.060795498874,0.018470412218448473,0.01800280613497307,0.28466645916330235,0.008844732894226437,0.009333538034336897,0.6857508180724812,0.020353048157029985,0.020237773923297397,0.01571620348207496,0.007013701557543621,0.02492581386165233,10833.370925999652,0.040491570289304946,0.03818726213648915,0.48811267857019613,0.050129931049409715,0.04026695967327876,0.12459333418991646,0.10913733961170173,0.3451573531234756,1.2366115240952067,0.2210066915272939,0.11374780294791953
1.004921744775312,0.003722683249063108,0.003972826092508264,10830.004390675167,0.02040843818576832,0.02010180999604927,0.2977699537798867,0.010209999783010348,0.01023946802528275,0.6903112392010897,0.023074588627467807,0.022601378298235275,0.014990531140329267,0.006398850585567398,0.019830235013314688,10833.332265704455,0.04934183407749515,0.046486567065585405,0.5682909290422815,0.05155995821456183,0.06816304803202844,0.04173632392723686,0.02931099708467155,0.10769048642068374,1.4523670296908615,0.13578394174862063,0.15917543113515698
1.008584361183047,0.0030529761939726008,0.002912801920793795,10830.025494981794,0.01726551844876667,0.016323559275406296,0.3102708866107027,0.008385476403019732,0.010156451851259407,0.7226990652140368,0.01781177231535236,0.019400914446469963,0.014507096240705487,0.00611468781646227,0.014623594376978803,10833.429395002464,0.04476030661862751,0.041259018444179674,0.5844442878262297,0.04383701267450213,0.049066233939859316,0.05455384189985121,0.04146673936229603,0.15882369021912898,1.4180681221744056,0.10460596094599928,0.11254746088146339
1.0002852224410086,0.002624031584249842,0.0025804116913843433,10830.034404814096,0.01581624291247863,0.015760064554342534,0.29346913776784966,0.007432680297541239,0.007243794310098972,0.6891156418367341,0.019125691011637636,0.017083526642300395,0.01537798481686964,0.006814784101657288,0.021045194197163622,10833.386900041076,0.03816108950013586,0.03930400529134204,0.539284176717397,0.03756792022450883,0.04127827707401366,0.03905662679910723,0.027198588868843337,0.09045429081401471,1.4056600634486078,0.09872973895654713,0.10452372037742341
1.0057098361100039,0.003482325770198136,0.004067461010530904,10830.00480414227,0.019387500249649747,0.020484002454395522,0.28830286312564923,0.009273306424672223,0.009770414783713266,0.694116693112333,0.020307480268228262,0.021130387910336834,0.016016429101063462,0.007539994275966855,0.02196189978575689,10833.410447031456,0.047527734051982407,0.04689615773895639,0.6485150709293235,0.05889524640115085,0.06633936823174102,0.06603532525109383,0.05225505426519343,0.2450713639655427,1.5891868487176244,0.15442621836383186,0.13843595340846537
1.0128574908180905,0.0028559919817632284,0.0029496211187578503,10830.027866670513,0.014997673732068506,0.014903584629792022,0.2753938817718235,0.006734547423339898,0.006810709315310193,0.665353823283866,0.016408875248651422,0.014341643960538053,0.012650426888765168,0.004454302875001648,0.013086951684236306,10833.190917261058,0.0315382137796405,0.030392412039873307,0.9342427891749115,0.049093988316545434,0.05503108198028073,0.05781162345867834,0.044400697582430565,0.19368185508140495,1.7204429958647545,0.0962745179041744,0.09215988042572332
0.9964977957975407,0.003502314594364564,0.003264834428223562,10830.038834399866,0.016654858553010854,0.01803178466616373,0.3173133414691325,0.009825030427636272,0.00916435543549321,0.7170364178528479,0.01980021573985602,0.019297369887134375,0.014809472323048179,0.006213027942143554,0.015255324808093162,10833.588980787088,0.05252387661676039,0.05334538900206098,0.6487346797011173,0.05261277614538751,0.05254212697541616,0.07670297804034187,0.060446016548127465,0.22973542395554208,1.5028007539391082,0.11841209441163136,0.1072092631705206
1.004383153599334,0.0038565369748666534,0.003800285567023165,10830.006385992416,0.017691632938294788,0.015978214296410442,0.3265268310361493,0.009763466884337046,0.009868807579626826,0.7078946095175542,0.019876320995147023,0.018425329728898432,0.015203105582290544,0.006667273976753714,0.017509795864834213,10833.621762023435,0.05108593911427306,0.04820926617139776,0.6692036584731128,0.06177992030557722,0.0629368758772264,0.11834112430494892,0.1000856127433835,0.32047733237311243,1.5003569997164616,0.18464582136937868,0.12125039914079072
1.0043866790433107,0.0034202931025364425,0.00448257299199617,10829.98243642652,0.01763161002054403,0.019210419075534446,0.3402855301177701,0.012267112659133939,0.0119728237575778,0.6990781432884465,0.023223690028957855,0.02206480942472333,0.020692891629045265,0.011306508713473135,0.036371209418436024,10833.53370138775,0.061544536672954564,0.05829631497908849,0.6302469661079457,0.058897275495595425,0.06543207832070841,0.08704082345163079,0.07082226641808342,0.2896103282618259,1.471220435742484,0.16137128748451657,0.13448849694704346
1.0060507090109678,0.0033995079148454455,0.0037337113569777536,10829.980667779797,0.018150156845877063,0.016268449035123922,0.3221335803520976,0.008449899684404627,0.009033004099475272,0.7534483710593269,0.018545285761091157,0.019114878342675556,0.013746777423977551,0.005356074396247535,0.015887519513665828,10833.517208484322,0.04620987972157309,0.0490704761014058,0.6331992170945132,0.057926524947259805,0.06033711173478429,0.13319824579796918,0.11513706672863167,0.32483621050024175,1.45676362609949,0.17882296926055252,0.1336099555539696
1.0097770092194955,0.0030232287267957236,0.0031467027827469796,10829.976942261928,0.01608290200238116,0.015209379160296521,0.32666119372599844,0.00931353326765394,0.009917020006097399,0.7244260732868835,0.017007434681119427,0.01767568455227142,0.01722447770562624,0.008155990029851078,0.021500312761807465,10833.472281638267,0.04468679302954115,0.046613400596470456,0.6009215939839682,0.04715584974619502,0.04922865390936437,0.050970638719631145,0.039520110112290716,0.20367295843875033,1.425494978611234,0.11380788328309066,0.11435975077550209
1.0042789486425736,0.0031472074934921768,0.0036753109067391154,10829.992988139535,0.01633759345349972,0.017560985699674347,0.31649695474383166,0.009265813039709303,0.008540359298934042,0.7394050919710271,0.019397171284672665,0.01679126115092211,0.014312662173050395,0.005830786362330472,0.01807263910337352,10833.548820983731,0.05462703205921571,0.05496463352210412,0.6622645823389492,0.051012556400934495,0.05708913014591965,0.07098375271402838,0.05777731458389632,0.25115129350254783,1.5626143573875684,0.12474470812272442,0.11438807395885964
1.0129127259640862,0.0030287468751171165,0.002887923677903137,10830.011545188314,0.015395971773614292,0.015583703992888331,0.30183375658057904,0.00868189791265106,0.008921017951042276,0.7111684144135741,0.01801421114616264,0.016050255419385984,0.016576519634287454,0.007730184494414502,0.021923783583991566,10833.454691210918,0.03967288245075906,0.04170223092660308,0.6824319910957382,0.04984378594793404,0.047297666544918515,0.059804506818425876,0.046223209859968924,0.23848171531548906,1.5949709349688237,0.11145546698806319,0.0980322248259986
1.0062852482665556,0.0025880231498405237,0.003005150923448996,10830.036292672969,0.015726226527476683,0.014131584470305825,0.30620062095783057,0.006695625215409395,0.00805854174686843,0.7170893605346716,0.015565999856785417,0.01642433523052822,0.014619544294130878,0.00624193420063515,0.017031150924127395,10833.49017519804,0.03608384787548857,0.03708165486204962,0.6175550122266102,0.04384338809301913,0.04418977242097011,0.0744633674750369,0.06040290735358218,0.2701714867169682,1.441633629218075,0.11450870785130496,0.0962179573699169
1.0070821498146274,0.002803145132775464,0.002782160606698003,10830.029222490664,0.014747721997991903,0.012725493748803274,0.29667696362128804,0.006677960225930091,0.007036026430756348,0.6976355673822825,0.01530952089648474,0.01407665324231111,0.013196629990961547,0.0050142392406074265,0.011598696170213287,10833.50612120753,0.04000217330940359,0.044740909685060615,0.6601123686865089,0.0429239735181145,0.044740917698071314,0.07016074974048764,0.055205244203515254,0.20780688608278508,1.536180591224604,0.1020667552621799,0.08919212278549593
1.013456608463196,0.0029859261391298464,0.0027769208325214567,10829.993700941679,0.014065255962123047,0.014799733171457774,0.2673862012296394,0.0073251272121716005,0.007017717584074212,0.649570373982657,0.016621995156379632,0.014867282445198304,0.012668882238552875,0.004519514025191025,0.013130172681335525,10833.20517511174,0.030275036375314812,0.03087158723064931,0.9378810973020272,0.053439507841435696,0.049623074454910876,0.05652364888417824,0.04326874813537433,0.20421418627002494,1.7653399215912045,0.09482605189175608,0.08713829414844398
1.0165907944606136,0.003468686572297708,0.003488088286046853,10829.99241389837,0.015505524916079594,0.01517963312289794,0.2813193490377498,0.007341397354399204,0.008362370147473042,0.6481886806604111,0.01674712273030876,0.01608709197538405,0.013719367632705431,0.005455608791223731,0.015946583783787216,10833.28853469332,0.033887520112330094,0.03394332388234034,1.0630372905793442,0.06280217978499558,0.06710273597250649,0.05855245391566022,0.04462684286804969,0.16430350527089743,1.919292676161945,0.10515101291632645,0.10245798172427811
1.0070618369390794,0.004258683968241694,0.005042717323068491,10830.07402277405,0.016974793679764844,0.019305576926853973,0.3320134753013472,0.010741779182827038,0.01302256238340238,0.7522846491530906,0.020975728042306074,0.02262717227416111,0.023604119593063085,0.013091900593201464,0.03179639037007739,10833.391143718,0.029623415324749658,0.03295559784419311,0.7989066527416258,0.07687050214146363,0.10426791704269567,0.7623888404250281,0.22116010672471453,0.16628337235413881,0.994147797602229,0.27948297456034377,0.3010152225980629
1.0029354462237006,0.0026336502195187794,0.0025869827913354015,10830.046402365191,0.014514675342070404,0.016039238989833393,0.31772365655622614,0.007302955000657474,0.008003140040412193,0.6935504364075278,0.018145615974911822,0.01603338442044544,0.014876137078123516,0.006343410184902927,0.019423448030421977,10833.397829930534,0.041676000315419515,0.040690071997232735,0.5562814621241331,0.03714602917108889,0.041722305375350155,0.05528812601661147,0.041685110634845465,0.20505796452111014,1.3598885404355339,0.09836660396420238,0.10144716280860311
1.0033272073990043,0.0024246679025321516,0.0022654836217077534,10830.008538493823,0.014483585677226074,0.01626315024077485,0.28596489742365105,0.007188642084659691,0.007249705193634826,0.6863766175933983,0.014149230499788001,0.014960534548309812,0.01190857535359854,0.003906819238647873,0.011793499484607433,10833.22049868921,0.019645477579615545,0.019829311884677736,0.8249381687965724,0.04453064795005546,0.03579968515006926,0.11596835598682781,0.10130758250668084,0.26769020274590566,1.254771345998162,0.13096517071857416,0.06187306700221784
1.0124528881170687,0.003269271030895915,0.0030694046996542212,10830.075830552014,0.015049012758026947,0.01548881644703215,0.3243195676519431,0.008057018519988968,0.009009084860504724,0.7310248637691269,0.01807473520090308,0.015567010414473947,0.014505612127915686,0.006347382739999621,0.021202732392688724,10833.417862114735,0.0442283990305441,0.044583118537047994,0.7619129916199414,0.05287856920085077,0.056572149957913376,0.05551569269467668,0.042311583779076616,0.20049371372101457,1.753447843387999,0.12354227991899269,0.1024726320640088
1.0048033597870534,0.003134926743311617,0.0032336456088650767,10830.078001666614,0.017322674948445638,0.017270538735829177,0.3141572158232584,0.00801648372049174,0.007953612442405056,0.7116819003938046,0.016116792041298456,0.016187184985657077,0.015352741315461372,0.006726195562671712,0.01777998325208367,10833.493135677005,0.04544931474265468,0.04455083378343261,0.6648785879244026,0.049890222017555,0.054212157092088264,0.04607608716965264,0.03284312220022528,0.12383121873661748,1.5008035759021228,0.10587138626311021,0.10955716147654093
1.007370285243515,0.0029595706372025354,0.003037997717039831,10830.095163465396,0.015979770449121133,0.01820401753684564,0.32419101467846656,0.008478202422904368,0.00912849074666805,0.7233288656352495,0.019907965960255125,0.017086321771392576,0.015082723383319774,0.006576872096290194,0.017901998968453094,10833.419131096689,0.0427063888982957,0.04117055034294026,0.589706132452051,0.04569410379562777,0.049056761263941984,0.12521412036741902,0.10554068209456019,0.30837663137047433,1.2861554743770054,0.1561490837364865,0.11076976183671694
1.0028920293431272,0.003462380136129539,0.003531953674245525,10830.069038596997,0.018730991056145285,0.018579237950689276,0.2997145125332666,0.008877054228013936,0.010038242783461382,0.6809754245667885,0.021882316080941266,0.01962083013003968,0.016007731518754634,0.0074116200403923,0.023933114039689354,10833.432075815923,0.05754478585004108,0.05723220433901588,0.6380082530971893,0.05364360825655845,0.0578703155641368,0.061627916181058756,0.04786410898067477,0.2109612157169413,1.5343609175134694,0.13331131788126882,0.12723973741007288
1.0043112649908021,0.003220175933493996,0.002734742371693022,10830.008823278664,0.01933866172839771,0.018961122565087862,0.3112856589404803,0.008571409865015811,0.008885101228472359,0.719678745913026,0.01863871766329095,0.01774027421212232,0.01646456598902227,0.007914710086030983,0.021015767461246036,10833.203975423276,0.02247062030437519,0.02355892274499638,0.8107619048463124,0.045594253465544576,0.04248079753505973,0.06060266782681474,0.04517755762987014,0.1930282861184583,1.2365853157408149,0.08856396526453603,0.06622966298055477
1.0070456943805162,0.0025902578320653458,0.0022668861642647364,10830.085175079103,0.015585130198815023,0.014572634898286196,0.3191383173407718,0.007900510487806323,0.00822430266062607,0.7352124031016513,0.0161271414066827,0.015278709813709046,0.013959806386876505,0.0055771263385019434,0.019199889204615943,10833.129489148181,0.03288612798860413,0.032480556814334705,0.5916413223144863,0.04389394775435207,0.040819788807961555,0.08197769089959886,0.06683010680264592,0.2602153858831696,1.4184005424198531,0.13396397498528856,0.09695344984274956
1.0137462139629876,0.0037926371153065297,0.0036645173605271975,10830.053539040595,0.022027010381862056,0.020928704425386968,0.3422196255371833,0.011095920637941403,0.012082464834277051,0.7614803286072664,0.028306445607631514,0.023461392902636824,0.018940466432127472,0.009390926462328003,0.04054071272534586,10833.242106086534,0.04212076111252827,0.04681024255660304,0.6726388567235835,0.0708760429941192,0.05190962316444725,0.10040395727325149,0.08577440897423406,0.46677136445353495,1.4095732237485017,0.27507389309701824,0.11508118238688714
1.0056291771289885,0.004252864764816566,0.0038768094708081513,10830.040579541603,0.02131141115387436,0.02302455223070865,0.2951557836294808,0.01139429315369106,0.010585494300376364,0.6919110461144415,0.022368872367330206,0.02212415025739123,0.016803769586346246,0.008121028928463142,0.02724388404415974,10833.293670469306,0.024958120000519557,0.02850742057125899,0.8546730146877289,0.0817336215578941,0.06984468007115896,0.4045513900592556,0.3477743950844458,0.22405891147437834,1.1043952823191137,0.24666436418529203,0.17701007718228445
1.0160623570912768,0.003230010425648633,0.0028979450973996013,10830.084624862404,0.014704293391332612,0.016003353883206728,0.36782519494141563,0.009740945741341434,0.010726290777962721,0.7593845946327673,0.019610632933289796,0.017608780280312653,0.017370046323901323,0.008034376381995587,0.02756664034437112,10833.439570383915,0.045401845120068174,0.04925306477889535,0.7318246866289474,0.05232936572901292,0.05145774512466761,0.0645906315901418,0.05126657332131286,0.2857086533870363,1.6140745970081691,0.1240365476396934,0.11089560122248687
