wl,flux
10820.828542387671,0.0032355598374152507
10820.907642117696,0.01714035857530531
10820.986731938128,0.011942480759759445
10821.065811846483,-0.00013999686430476044
10821.144881840284,-0.007574711461383383
10821.223941917055,0.007076278620996857
10821.302992074316,0.0035058524970568296
10821.3820323096,0.001319534195882861
10821.461062620436,0.001395165318297283
10821.540083004356,0.02576771850275199
10821.619093458896,0.008340630928359544
10821.698093981593,0.012392412498142564
10821.777084569992,0.004966157359102257
10821.856065221627,0.01359770914701045
10821.935035934053,0.0003666410963401468
10822.013996704814,0.008629766497713603
10822.09294753146,-0.008885055204316053
10822.171888411547,0.013291369121485057
10822.250819342626,0.013081613657756272
10822.329740322257,-0.014388908220527248
10822.408651348,0.013438234781057384
10822.487552417422,0.01816727026727059
10822.566443528083,0.012899708581277241
10822.645324677555,0.01944206307462131
10822.724195863406,0.0117121047091013
10822.803057083209,0.022674472494477203
10822.881908334542,0.01816751149935922
10822.960749614984,0.012361423153882965
10823.03958092211,0.0017888240178101636
10823.118402253507,0.012603779894049236
10823.19721360676,0.010126192603070178
10823.27601497946,0.004266992144223543
10823.35480636919,0.010793525088311502
10823.43358777355,0.015108504566157506
10823.512359190134,0.01794955778777661
10823.591120616538,0.008291661770749461
10823.669872050365,-0.01050086488538542
10823.748613489217,0.011874095206849884
10823.827344930696,0.008964211250708199
10823.906066372418,0.002466022100905044
10823.984777811987,0.012769908388796124
10824.06347924702,0.015014641252366106
10824.14217067513,0.009797782348829177
10824.220852093935,0.014534129955601525
10824.299523501057,0.005258514565995384
10824.378184894118,0.0031970364820955947
10824.456836270743,0.004834646471474925
10824.535477628562,0.0137553376684875
10824.614108965205,0.006748333561698702
10824.692730278306,0.005004573752634989
10824.771341565496,0.012010126383523218
10824.849942824416,-0.0027492030611834264
10824.928534052708,-0.01753594700930723
10825.007115248012,0.004853640782731988
10825.085686407974,-0.015957638140417632
10825.164247530247,-0.0032243263091582277
10825.242798612473,0.003948548268458004
10825.321339652312,0.003710536740268372
10825.399870647414,0.0004200237744882637
10825.478391595441,0.00122918868698935
10825.55690249405,0.007388120279432202
10825.635403340908,0.011494292914236582
10825.713894133676,0.012732574550480331
10825.792374870025,0.008059422589775638
10825.870845547623,0.005141017908668419
10825.949306164146,0.005532325187244642
10826.027756717265,0.0048471466144181154
10826.106197204663,0.010069285780109728
10826.184627624016,0.003834944347294752
10826.263047973007,0.013716863251764834
10826.341458249322,0.004260117761632827
10826.41985845065,0.010682363623389545
10826.498248574679,0.0073597705784344165
10826.576628619101,0.001633492443226722
10826.654998581616,-0.0032569278926556844
10826.733358459918,0.002060549162372179
10826.811708251706,0.010400682439806632
10826.890047954685,0.010375889876029765
10826.968377566558,0.0057133017552283
10827.046697085036,0.021571326389642823
10827.125006507824,0.015523742904575269
10827.203305832638,0.01082768990306981
10827.281595057191,0.0029672193685958757
10827.359874179203,-0.0039034239552340087
10827.43814319639,-0.004161625748680539
10827.51640210648,0.017099288035218877
10827.594650907191,0.012010830510564762
10827.672889596255,0.007450131673482327
10827.751118171402,0.007708938311835535
10827.82933663036,-0.0026319179379766756
10827.907544970869,0.012596632314638652
10827.98574319066,0.008255175949038589
10828.06393128748,0.014713107120529862
10828.142109259063,0.017165939713726073
10828.22027710316,0.022696537612574796
10828.298434817516,0.02007189770829583
10828.37658239988,0.015220829022511009
10828.454719848003,0.0082926947322489
10828.532847159642,0.0132676569092952
10828.610964332553,0.03129401013339075
10828.689071364495,0.02698795944124809
10828.76716825323,0.02047142507214887
10828.84525499652,0.02671246675567082
10828.923331592136,0.02629401426876716
10829.001398037843,0.017953423241006527
10829.079454331417,0.02665989905192686
10829.157500470626,0.03427161319524516
10829.235536453254,0.042763320569188655
10829.313562277073,0.02218191991976328
10829.39157793987,0.025994547267092445
10829.469583439426,0.03778404846709442
10829.547578773529,0.018558355966594452
10829.625563939966,0.025855004730446954
10829.703538936528,0.021099703627690203
10829.781503761013,0.017698117184065984
10829.859458411212,0.018202307797775503
10829.937402884925,0.020608105701074388
10830.015337179957,-0.0020334618478275316
10830.093261294105,0.005382865504236236
10830.17117522518,0.022702200896373582
10830.24907897099,0.012244335352570957
10830.326972529343,-0.0001941310757244373
10830.404855898056,0.01628358000809392
10830.48272907494,0.020834789536191348
10830.560592057818,0.027729979653428362
10830.638444844511,0.027165980320831045
10830.716287432837,0.022350292503499344
10830.794119820624,0.038355351626871564
10830.871942005702,0.025832576369371144
10830.949753985902,0.04034635046823837
10831.027555759054,0.01804918301453976
10831.105347322995,0.029706743012581048
10831.183128675559,0.02669075598667705
10831.260899814592,0.03782364025324484
10831.338660737933,0.05132266248195639
10831.41641144343,0.044007425739348294
10831.494151928926,0.0583244795137451
10831.571882192275,0.05314171201510194
10831.649602231328,0.05126784663854817
10831.727312043939,0.05713367668659731
10831.805011627966,0.07173588993224084
10831.882700981272,0.07340031887960577
10831.960380101715,0.07156738975153273
10832.038048987157,0.06665965688161798
10832.115707635472,0.07876237050746013
10832.193356044521,0.08690775080916485
10832.27099421219,0.08469896163433105
10832.348622136336,0.10305479685855869
10832.426239814848,0.062352691045798
10832.5038472456,0.07690405614246583
10832.581444426474,0.1020014453997618
10832.659031355357,0.09549735216808058
10832.736608030133,0.1008219627968894
10832.814174448687,0.08406000742317461
10832.891730608919,0.10456870973209643
10832.969276508715,0.10001774689303718
10833.046812145976,0.09393088560350765
10833.124337518597,0.08867356887607937
10833.201852624481,0.07669062893372966
10833.27935746153,0.07928725010815658
10833.356852027653,0.06579165642002252
10833.434336320755,0.07496608941647948
10833.511810338749,0.07153763036039558
10833.589274079544,0.06401518596184433
10833.66672754106,0.06497846448518667
10833.744170721213,0.04267520484369148
10833.821603617924,0.03878736520069281
10833.899026229114,0.03348883620248367
10833.976438552709,0.033050369394594284
10834.053840586637,0.03115725653331664
10834.131232328828,0.02161895569877487
10834.208613777211,0.03722482241493433
10834.285984929727,0.026904493066384885
10835.599717264786,0.0039390195828334015
10835.676902741223,0.0034451501825685025
10835.754077883006,-0.0031718835621574936
10835.831242688118,-0.005126802778427637
10835.908397154548,0.010131422120563399
10835.985541280277,0.0009646901619103599
10836.062675063298,0.009698188516193234
10836.139798501606,0.002709313316202299
10836.216911593194,-0.003646326907147759
10836.294014336056,-0.008279194782679869
10836.371106728193,-0.0023898682110979176
10837.295407352418,0.008261834327357036
10837.372365004176,-0.0008469079936103555
10837.449312277453,-0.005283012844733251
10837.52624917028,-0.005910101748397443
10837.603175680704,0.013104755424890773
10837.680091806755,-6.533451160217231e-06
10837.75699754648,0.012604567639750399
10837.83389289792,0.005075695647573587
10837.910777859126,-0.010893112750062576
10837.987652428148,0.006905743269051243
10838.064516603034,0.01066887068215693
10838.141370381838,0.00015945167089626705
10838.21821376262,0.0047567770106506525
10838.295046743438,0.013503774659358427
10838.37186932235,0.020394071600535035
10838.448681497424,0.011485413514961875
10838.525483266721,0.010026354213274549
10838.602274628312,0.002653490019642003
10838.679055580269,0.007981866491463032
10838.755826120661,0.011189859359738073
10838.832586247567,0.0125587926576508
10838.909335959062,0.0014132917837924221
10838.986075253228,0.005670360404477642
10839.062804128147,0.011061005883594249
10839.139522581901,0.006839887020095663
10839.216230612581,-1.051378352709409e-05
10839.292928218274,0.0030157723005827517
10839.369615397074,0.0094864153978654
10839.44629214707,0.014272318357420453
10839.522958466365,0.008515922728892731
10839.599614353054,0.005552850224226124
10839.676259805236,0.011259865015566863
10839.75289482102,0.007710687869440877
10839.829519398509,0.009775486587849977
10839.90613353581,0.0143529442851762
10839.982737231036,0.005684443116854652
10840.059330482298,0.014733089198781755
10840.13591328771,-0.003263845991219444
10840.212485645392,-0.0010382149958806835
10840.289047553464,-0.0009268926552770873
10840.365599010047,0.004847949632535707
10840.442140013265,0.0010286309869961246
10841.283400592552,0.0011759169175114305
10841.359816009957,0.0074529201783834036
10841.436220949827,0.015086742527153942
10841.51261541032,0.008003264590536973
10841.588999389594,0.009439367537776803
10841.665372885813,0.007607464714306478
10841.74173589714,0.0019481772364087222
10841.81808842174,0.01624428371418051
10841.894430457785,0.014882746885696057
10841.97076200344,0.018973507624429346
10842.047083056887,0.018590176361077036
10842.123393616292,0.011561713274762435
10842.199693679837,0.025708553064694377
10842.275983245705,0.020812994147175298
10842.352262312075,0.01457444494418238
10842.428530877134,0.0063710707996201795
10842.504788939066,0.008798309249897659
10842.581036496062,0.013041785847799768
10842.657273546316,-0.004793401450010166
10842.733500088018,0.02045036829636525
10842.809716119367,0.004640119189411248
10842.885921638559,0.001197818102365974
10842.962116643797,0.0009537019389037391
10843.038301133285,0.007789582510617671
10843.114475105223,0.0028272471660692137
10843.190638557828,0.006474532763401312
10843.266791489303,0.005239749984959553
10844.02774174984,0.0034831344116088873
10844.103778831419,0.02210361708832447
10844.17980537057,0.007959623193123514
10844.255821365532,0.00963605603485932
10844.331826814547,0.028832173232207457
10844.407821715855,0.014882751694662175
10844.483806067708,0.011629808345114744
10844.559779868352,0.0063844908370052625
10844.63574311604,0.012474016818275493
10844.711695809025,0.0021237213060462546
10844.787637945557,0.011741242261241135
10844.863569523905,0.022373946974100757
10844.93949054232,0.018119510843710718
10845.015400999067,0.012013891145285012
10845.091300892409,0.020016058680518086
10845.16719022062,0.009569892121402952
10845.24306898196,0.01144157127859379
10845.318937174705,-0.004583130456504938
10845.39479479713,0.01971238059218814
10845.470641847507,0.011204645922242821
10845.546478324115,0.01638148607363842
10846.531389527889,0.008348206416713091
10846.607077792225,0.018381029775775395
10846.682755457236,0.007609371620155343
10846.75842252124,-0.002726537034721304
10846.834078982549,0.0012938594851045178
10846.909724839481,0.0037518446943264998
10846.985360090359,0.009683301374243098
10847.060984733505,0.005965725053844134
10847.136598767247,0.011284551129736854
10847.21220218991,-0.00661741695207314
10847.287794999824,0.008346566590353906
10847.36337719532,0.010085528782785777
10847.438948774734,0.015532189616626578
10847.514509736402,0.014295492448867382
10847.59006007866,0.009960730285955777
10847.665599799853,0.012356117411838199
10847.741128898322,0.008726109467797751
10847.816647372414,0.0037137026972272826
10847.892155220474,0.006495192955994744
10847.967652440851,0.001107118294472513
10848.0431390319,0.0039931779650534995
10848.118614991976,0.008205789016385013
10848.19408031943,-0.004678769882706117
10848.269535012625,0.0005075102787266347
10848.34497906992,0.0013952770713042944
10848.420412489679,0.002119006092664119
10848.495835270269,0.008826733564384844
10848.571247410053,0.00841186703098394
10848.646648907401,0.01324195140636861
10848.722039760689,0.014850386234477576
10848.797419968289,0.01846147705457351
10848.872789528574,0.02171827687704037
10848.948148439926,0.0038415359778694656
10849.023496700725,0.012847479361360735
10849.098834309354,0.011612374268662967
10849.174161264198,0.009056303771381124
10849.249477563642,0.007556875085259585
10849.324783206079,0.015546781092068682
10849.400078189896,-0.009923836544076296
10849.475362513489,0.001426190098070601
10849.550636175256,0.0037911122887327254
10849.62589917359,0.01037502535715346
10849.701151506899,0.020323750129839214
10849.776393173577,0.018378183498880797
10849.851624172035,0.010856633757029324
10849.926844500675,0.0062796284950205235
10850.002054157909,0.004628455493986353
10850.07725314215,0.006956784672320163
10850.152441451806,0.014144911801727368
10850.227619085297,0.014747375745184983
10850.30278604104,0.016423361720258215
10850.377942317451,0.01874573929807925
10850.453087912956,0.01266141528869465
10850.528222825977,0.014416607982056023
10850.603347054945,0.012676421812878562
10850.678460598283,0.006310000666470404
10850.753563454424,0.014885843295196915
10850.8286556218,0.01696385648013906
10850.903737098846,-0.00018022624637939206
10850.978807884003,0.005012263555415564
10851.053867975703,0.010805407263069737
10851.128917372393,0.018903240181421952
10851.203956072515,-0.0010171776788555952
10851.278984074517,0.01628576688629528
10851.354001376842,0.0031388679859940425
10851.429007977946,0.006764004911916601
10851.504003876275,0.0041258163914915805
10851.578989070289,0.006807705730595124
10851.653963558441,0.014469183130532758
10851.728927339193,0.0016021159569055592
10851.803880411002,0.008862769031543004
10851.878822772333,0.009284553907390424
10851.953754421651,0.012455659836529541
10852.62765697271,0.018263609676496418
10852.702481417946,0.0026398587660514923
10853.375418450354,0.008243125491907819
10853.45013554036,0.013695644229790725
10853.524841886612,0.00829967084396686
10853.599537487622,0.013704480990764614
10853.674222341904,0.009230712226924783
10853.74889644797,0.012385311602592567
10853.823559804343,0.021451824663471123
10853.898212409542,0.009292341099876547
10853.972854262089,0.016788553222202778
10854.047485360508,-0.009801705923574017
10854.122105703325,-0.027861126372042383
10854.196715289072,-0.017724028910799623
10854.271314116275,-0.015096763051062626
10854.34590218347,-0.002008135309571582
10854.420479489188,0.013957527915217921
10854.49504603197,0.007824501439318064
10854.569601810355,-0.0033297186319551516
10854.644146822884,0.0012626731151770864
10854.718681068098,0.010362951795522135
10854.793204544541,0.006349638336162751
10854.867717250767,0.002800758575274355
10854.94221918532,0.01251501082326603
10855.01671034675,0.013400472870455935
10855.091190733614,0.017243059904372127
10855.165660344472,0.015407765857872971
10855.240119177872,0.001166450285885916
10855.31456723238,0.007628950406148531
10855.389004506556,0.005740472129976418
10855.463430998963,-0.004227837118650887
10855.537846708174,-0.0036273864576995924
10855.612251632749,-0.019547337704397687
10855.686645771257,-0.01069328752892818
10855.761029122279,-0.0005619573074476655
10855.83540168438,-0.002136139579467727
10855.909763456146,0.011480193699431724
10855.984114436147,0.026468735702495517
10856.058454622966,0.02042848377849143
10856.132784015186,0.0027878754523282256
10856.207102611394,0.04938427635382472
10856.281410410173,0.03502088092244995
10856.355707410112,0.02609129944888521
10856.4299936098,0.0012788901456868762
10856.504269007835,0.007394433535616308
10856.57853360281,0.00633162855616683
10856.65278739332,-0.001735615154473077
10856.727030377962,0.02501982936650141
10856.801262555342,0.026422425849672422
10856.87548392406,0.010605668278042458
10856.949694482722,0.007005739978078369
10857.023894229933,0.0028050833415443144
10857.098083164305,0.00949726676250014
10857.172261284448,0.01527587326747038
10857.246428588973,0.017607787762610794
10857.320585076497,0.004735741245476101
10857.394730745638,0.011083902722314097
10857.468865595014,0.005497699685450823
10857.542989623245,0.02739130992847475
10857.61710282896,0.018262435517925543
10857.691205210773,0.015340209285017906
10857.765296767322,0.02216481220627808
10857.83937749723,0.010826357479869415
10857.913447399133,0.025758613472582095
10857.98750647166,0.01783855392090607
10858.06155471345,0.013534434239039592
10858.135592123135,0.016184113263130614
10858.20961869936,0.004245105503082331
10858.283634440764,0.011806523690438428
10858.357639345992,0.014788382279387719
10858.431633413686,-0.0011458647313466732
10858.505616642495,0.009796984442095527
10858.579589031067,-0.0006940012225302534
10858.653550578058,0.009141817240210355
10858.727501282116,0.00937257191390201
10858.801441141897,0.012171169637575988
10858.87537015606,0.00565758354105705
10858.949288323265,0.014757415213242133
10859.02319564217,0.0026256511307466363
10859.097092111442,0.012354182697171073
10859.170977729744,0.01241062187344017
10859.244852495744,0.005216603079403045
10859.31871640811,0.01393929343582875
10859.392569465515,-0.00040744307175824383
10859.466411666634,0.0024860924790933697
10859.540243010135,0.0018581521474569573
10859.614063494699,0.003988829884289223
10860.79371336053,-0.0037949510854858827
10860.867349042675,0.0029734088766088366
10860.940973842407,-0.0011377114019575215
10861.014587758442,-0.0014982310011276657
10861.088190789493,-0.008967692072448522
10861.161782934278,-0.00867063439813644
10861.23536419152,-0.026955495147116825
10861.30893455994,-0.003716636788208918
10861.38249403826,0.009517517512623835
10861.456042625206,-0.0022715433206678603
10861.52958031951,-0.004021846129821145
10861.603107119896,0.016780789346771963
10861.6766230251,0.01581854543776591
10861.750128033855,0.005856561951740844
10861.823622144895,0.0016064447295296045
10861.897105356955,0.00021965112618433334
10861.97057766878,-0.0176823653166132
10862.044039079108,-0.008436422706752367
10863.657429503965,0.0007466521124358449
10863.73063983682,0.009264916079703875
10863.803839238537,-0.0004911847451058932
10863.877027707904,0.0035482185813659616
10863.950205243713,0.019024822661110233
10864.023371844754,0.00421509643718326
10864.096527509822,-0.005546198554602161
10864.169672237713,0.011655074157140188
10864.242806027227,-5.420794368966343e-06
10864.315928877159,0.01509455883885423
10864.389040786313,0.012170941368805407
10864.462141753493,-0.010284235032650548
10864.535231777501,-0.003223759445295622
10864.608310857151,0.010151310965714463
10864.681378991245,0.012799819144152009
10864.754436178595,0.014202501806435164
10864.827482418013,0.0031335927920802835
10864.900517708318,-0.0008594697009299381
10864.973542048321,0.008613547840430802
10865.046555436844,0.0007519643792849315
10865.119557872706,0.00886071935864448
10865.192549354724,0.0064100020922309795
10865.26552988173,0.0070989513543658666
10865.338499452542,-0.007838358696676803
10865.411458065992,0.01146549729360629
10865.484405720905,0.007429773074040627
10865.557342416114,-0.006357894438461586
10865.630268150453,0.011584546229141145
10865.703182922756,0.009283181990533369
10865.776086731858,0.006578189198452675
10865.848979576596,0.001124086889472636
10865.921861455814,-0.013911949811869242
10866.722838072761,0.0049842321138326515
10866.795588275882,-0.001443715230941378
10866.868327498565,0.018350132467438537
10866.941055739675,0.015376046171308323
10867.013772998076,-0.00618618957909976
10867.08647927264,-0.001301058925728721
10867.159174562239,0.013198449967209263
10867.231858865738,0.01571265025627778
10867.304532182017,0.011194113450614026
10867.37719450995,0.003661715036945926
10867.449845848416,0.009577915196066237
10867.522486196292,0.011265916952631566
10867.59511555246,0.01243614449262715
10867.667733915803,0.018607528041891606
10867.740341285205,0.02373170030522883
10867.812937659553,-0.0006976265162687879
10867.885523037738,0.00023707586576284835
10867.958097418643,-0.002176250352785851
10868.030660801167,0.019290399206373526
10868.103213184197,0.017768031314425385
10868.175754566633,0.010631124394089657
10868.24828494737,0.016975439089478066
10868.320804325307,0.007935386258479183
10868.393312699343,0.012173314774556514
10868.465810068381,0.014125104045827432
10868.538296431325,0.011014770092616234
10868.610771787082,0.01422714120549903
10868.683236134559,0.01282515683473465
10868.755689472659,0.006901171527567862
10868.828131800301,0.010162504127775685
10868.900563116393,0.004673364637556081
10868.97298341985,-0.005193002788059466
10869.04539270959,0.007975058609204852
10869.117790984532,0.017602324117845215
10869.190178243589,0.02526711996971072
10869.262554485682,0.01587935230594292
10869.334919709743,0.012413304372673673
10869.407273914689,0.003782680986406988
10869.479617099449,0.007428268393200974
10869.55194926295,0.012892345674789385
10869.624270404121,0.01657869346328079
10869.696580521895,0.013781850814430976
10869.768879615203,0.012906135522449817
10869.841167682984,0.0034346633338849368
10869.913444724172,0.003429758662981425
10869.985710737701,0.005433661320871611
10870.057965722519,0.012972456240835055
10870.130209677558,0.012317007085575989
10870.202442601772,0.007984880459384456
10870.274664494098,0.003997182370606275
10870.346875353485,0.0012193297539390092
10870.419075178883,0.007545963578708113
10870.49126396924,0.012147451495067635
10871.42871358048,-0.0008338777793067948
10871.500747770957,0.004265912613186425
10871.572770910843,0.005720252755007253
10871.644782999116,0.002429278021448507
10872.50806566224,-0.009983636095090495
10872.57993398715,-0.003109203056062223
10872.651791246293,-0.007514352412304624
10872.723637438667,-0.0050795923654258605
10872.795472563274,0.004205853487778325
10872.867296619119,0.007970551542461828
10872.93910960521,0.010504986336624965
10873.010911520552,0.006727526547914097
10873.082702364156,0.009460746841327045
10873.154482135029,0.0038781065794233575
10873.22625083219,-0.004255661477153771
10873.298008454647,0.01293771654793121
10873.369755001417,0.013273822447817253
10873.441490471516,-0.008361210898891275
10873.513214863964,0.00947634173306282
10873.58492817778,0.005431012746822044
10873.65663041199,0.019020743721666063
10873.728321565613,0.012964884917993268
10873.800001637675,0.013971746516961878
10873.871670627203,0.011523180752127007
10873.943328533225,0.019352073455380925
10874.014975354768,0.014831013416676211
10874.086611090868,0.010472293110954075
10874.158235740557,0.019967728901455917
10874.229849302868,0.007519886605741113
10874.301451776835,0.009630002616963014
10874.373043161499,0.008281609270881132
10874.444623455896,0.021505628174725646
10874.51619265907,0.009464886688248901
10874.587750770059,0.002509127608931054
10874.65929778791,0.009272147127974984
10874.730833711668,0.015007584289262249
10874.80235854038,0.00787283961545706
10874.873872273094,0.01224307126917889
10874.945374908859,0.015145914279023736
10875.016866446724,0.008913760328123107
10875.088346885748,0.014640735479819637
10875.159816224983,0.010529038341201119
10875.231274463484,0.009090528202171828
10875.302721600308,0.01579773574779136
10875.374157634516,0.013643965590939238
10875.445582565168,0.017555044996486593
10875.516996391327,0.008308289369944178
10875.588399112055,0.019863863162924066
10875.659790726419,0.001702801985093658
10875.731171233483,0.01643706806790785
10875.802540632318,0.008044322294042764
10875.873898921993,0.014635885334719177
10875.945246101579,0.01202270588652266
10876.016582170148,0.012587205773648842
10876.087907126775,0.0064565560665428064
10876.159220970536,0.0081878070411385
10876.23052370051,0.015293161409345269
10876.301815315772,0.018807877270246902
10876.373095815405,0.0046121762933899
10876.44436519849,0.00907065946981118
10876.515623464109,0.020308775175546977
10876.586870611347,0.008355305528959942
10876.658106639294,0.018153811302196413
10876.729331547034,0.006195798838555288
10876.800545333657,0.009529871119681607
10876.871747998253,0.011079271698473937
10876.942939539915,-0.001183224384441693
10877.014119957737,0.01222977322862747
10877.085289250814,0.003423814236907707
10877.15644741824,0.015365655362185968
10877.227594459117,0.012610423640541702
10877.298730372542,0.013938015198812501
10877.369855157618,0.004186769049472832
10878.222484241907,0.0008042801203133401
10878.293464277274,0.005679839551109044
10878.364433171855,0.01327184986780118
10878.435390924775,0.022337900961493826
10878.506337535153,0.019063083739199748
10878.57727300212,0.014404840589934418
10878.6481973248,0.02039397404164453
10878.719110502321,0.0021363274890034657
10878.790012533816,-0.003375788357184893
10878.860903418414,0.019976032601355966
10878.931783155243,0.006724393938629364
10879.002651743445,0.004383601622521492
10879.07350918215,0.004235773604793764
10879.144355470497,-0.008878539243733951
10879.21519060762,-0.016741134967038836
10879.286014592664,0.012370484499971812
10879.356827424768,0.010189952504791055
10879.427629103071,0.0023281737506553445
10879.498419626723,0.012364815034863773
10879.569198994865,0.016713925733839334
10879.639967206642,0.026839604076008047
10879.710724261204,0.00763186418752155
10879.7814701577,0.01291445940942726
10879.85220489528,0.009363787364117073
10879.922928473095,7.782534424544563e-05
10879.993640890301,0.022083566746528168
10880.064342146052,0.030977799677774132
10880.135032239503,0.017339940851730268
10880.205711169809,0.021704481238494947
10880.276378936132,0.023513771141613
10880.347035537636,0.012354611898238227
10880.417680973473,0.0015502510931135844
10880.488315242812,0.024771396040106
10880.558938344817,0.008381094758056856
10880.62955027865,0.01143163731196517
10880.700151043482,0.015446513172901567
10880.77074063848,0.018366253559170702
10880.841319062813,0.012665183086382512
10880.91188631565,0.012281115377906313
10880.982442396164,0.023017212688117628
10881.05298730353,0.016754242115210163
10881.123521036925,0.007704133625093966
10881.194043595522,0.012810065080974185
10881.264554978496,0.019323638481000213
10881.33505518503,-0.002616729222840556
10881.405544214305,0.013590898122246797
10881.476022065499,0.011944306077277205
10881.546488737797,0.007008090957719736
10881.616944230382,0.009918864080065945
10881.68738854244,0.01739594823875413
10881.757821673158,-0.0003485516229949559
10881.828243621723,0.011862869420827782
10881.898654387323,0.009181355590236645
10881.969053969151,0.0012410175338553068
10882.0394423664,0.018342334533492256
10882.109819578262,0.010349331047680495
10882.180185603927,0.02069047165900903
10882.2505404426,0.009462893715622242
10882.320884093468,0.017596399704086215
10882.391216555734,0.009016313785753282
10882.461537828602,0.010151881460100366
10882.531847911268,0.011572861759712363
10882.602146802934,0.02459111349606612
10882.6724345028,0.012034525706484089
10882.74271101008,0.012871852655327582
10882.812976323974,0.018278531709101414
10882.88323044369,0.013261288850458025
10882.953473368438,0.020761312206491196
10883.023705097421,0.009359746767657757
10883.09392562986,0.019017196348353683
10883.164134964964,0.0181811533797839
10883.234333101944,0.01471765649444034
10883.304520040014,0.011875679837268095
10883.374695778393,0.022840904632140592
10883.444860316296,0.012169075408127596
10883.515013652946,0.023175061134742325
10883.58515578756,0.01526786559107159
10883.655286719355,0.019510076527687773
10883.72540644756,0.007243875863031175
10883.795514971393,0.008652256443954379
10883.86561229008,0.015688729290101327
10883.93569840285,0.01760082484241126
10884.005773308925,0.014216805695445221
10884.075837007538,0.01495266690048917
10884.145889497917,0.0029054422973990466
10884.215930779294,0.022746379670904517
10884.285960850895,0.0034082041282325957
10884.35597971196,0.012814277739183564
10884.425987361721,0.011707890335072408
10884.495983799414,0.00916097734161472
10885.40491684554,0.006099635257628171
10885.474756234677,0.008212468432075622
10885.544584400419,0.01726083889389417
10885.614401342027,0.006925425592990402
10885.68420705875,0.012583066643745295
10885.754001549845,0.019915554747244376
10885.823784814578,-0.005691585717957372
10885.893556852197,0.009291400426099102
10885.963317661972,0.010629721172433451
10886.03306724316,0.009919291872262283
10886.102805595021,0.011551202820333426
10886.17253271682,0.008755387138655348
10886.242248607827,0.012594168977110994
10886.311953267303,0.02034312997567731
10886.381646694512,0.027250451102526232
10886.451328888728,0.011533334709306932
10886.520999849221,0.0017296956392122073
10886.590659575255,0.010250614940756691
10886.660308066106,0.003793948090167004
10886.729945321045,0.002005187576810814
10886.799571339347,0.012254359232232448
10886.869186120288,0.01921132708133123
10886.93878966314,0.011219331028790011
10887.008381967184,0.019614702719573735
10887.077963031694,0.027814463265811586
10887.147532855954,0.02792413935544759
10887.217091439243,0.020380668486074057
10887.286638780837,0.0072869057112011255
10887.356174880028,0.026977080810919117
10887.425699736092,0.01631331447266674
10887.495213348315,0.021213449769965646
10887.564715715986,0.009917558793864023
10887.634206838387,0.008062783785488477
10887.703686714814,0.01611957494295669
10887.773155344548,0.025223616864258655
10887.842612726883,0.015641991861596285
10887.912058861108,0.012202416254401254
10887.981493746516,0.015251741261904529
10888.050917382401,0.015576929027367792
10888.120329768059,0.004716197918039953
10888.18973090278,0.014800943962115714
10888.259120785866,0.008513147407198138
10888.328499416612,0.015332577058655521
10888.397866794316,0.010179787623974246
10888.467222918278,0.0003056810285846376
10888.536567787798,0.015596692958301333
10888.60590140218,0.006803629677970015
10888.675223760725,0.00611973485368477
10888.744534862737,0.013931352744182385
10888.813834707522,0.003929186199750141
10888.883123294383,0.02230513835543965
10888.95240062263,0.008257556190093688
10889.021666691568,-0.002514701815524412
10889.090921500507,0.016314439634035963
10889.160165048756,0.00966468977123651
10889.229397335626,0.010279046405182634
10889.298618360433,-0.006296227658272296
10889.367828122487,0.004280748455261182
10889.437026621099,0.00856777260361547
10889.506213855586,0.0012998861284897406
10889.575389825264,0.007593122923597756
10889.644554529452,0.008334063753865924
10889.713707967465,-0.003449278841423822
10889.782850138621,-0.0014182927364853612
10889.851981042246,0.005339203430300152
10889.921100677653,0.007036107073134376
10889.990209044168,0.012788801488339174
10890.059306141115,0.01253144566846453
10890.128391967815,0.014735304352899069
10890.197466523594,0.015209133822535309
10890.266529807777,0.008977899032806009
10890.335581819689,0.01631115595497826
10890.404622558663,0.004192803472611826
10890.473652024024,0.0064675349706038235
10890.542670215098,0.003267980623274919
10890.611677131224,0.01650182450701131
10890.680672771727,0.011322671375020682
10890.749657135942,0.015924527372497846
10890.818630223202,0.015040109495003517
10890.887592032841,0.018026514816167898
10890.956542564194,-0.0022122244243493365
10891.0254818166,0.011339774432938921
10892.264458908263,-0.0009442793131139741
10892.333183735722,0.003534144148341126
10892.40189727115,0.012358664444434495
10892.4705995139,0.009864298198068833
10892.539290463325,0.02108095342760354
10892.607970118785,0.007303249835498623
10892.676638479637,0.011915704685595177
10892.745295545243,0.010746287423383955
10892.813941314955,-0.0077869926696265005
10892.882575788139,0.0005774019547530604
10892.951198964156,-0.01328377510207476
10893.019810842365,-0.013437974448620233
10893.088411422132,-0.0015265146034770796
10893.157000702819,0.009781569027918189
10893.22557868379,0.008156859597294647
10893.294145364414,0.02043118482619505
10893.362700744055,0.016375276857047313
10893.431244822079,0.011262226268808162
10893.499777597854,0.020722332727106788
10893.56829907075,0.009080429605647944
10893.636809240135,0.012133029556447537
10893.705308105384,0.007965000962597092
10893.773795665862,0.006116862586080471
10893.842271920943,0.018727053705944432
10893.910736870002,0.010275195870697093
10893.97919051241,0.0084825058583155
10894.047632847545,0.012370474527156346
10894.116063874777,0.013389081575773468
10894.184483593486,0.007791354343071822
10894.252892003047,0.01616877111445674
10894.32128910284,0.013455179528027307
10894.389674892242,0.007036337431227871
10894.458049370627,-0.00045935674746742927
10894.526412537385,-0.004143945110550274
10894.59476439189,-0.014400692859540537
10895.618684320563,0.0009293333266845068
10895.686855095455,0.006955669113572909
10895.75501454768,0.011044227813781511
10895.823162676641,0.010672177751367301
10895.891299481727,-0.003516409557007212
10895.959424962337,0.012789810621527488
10896.027539117866,0.00955379510024448
10896.09564194771,0.013189929038326654
10896.163733451267,0.014609004010106768
10896.231813627937,0.011512180909138716
10896.29988247712,0.011434907050583046
10896.367939998216,0.014112008189482418
10896.435986190621,0.003181796057268686
10896.504021053739,0.011813350090582592
10896.572044586976,0.014025228022398275
10896.64005678973,0.02075368773575502
10896.708057661406,0.003638338640742522
10896.776047201405,0.017808636459668795
10896.844025409138,0.008584345349834462
10896.911992284005,0.016856447812750752
10896.979947825412,0.026509784152634143
10897.047892032771,0.010982230736516038
10897.115824905484,0.015575175825965206
10897.183746442963,0.008360206147488357
10897.251656644612,0.012360809367651417
10897.319555509846,0.012327356602203833
10897.387443038067,0.011423926098832506
10897.455319228697,0.015217770338318858
10897.523184081138,0.02189638139804187
10897.591037594804,0.01098402925303394
10897.658879769111,0.004779188592703212
10897.726710603467,0.007352139674438886
10897.794530097291,0.01661269716668572
10897.862338249992,0.022772932433359268
10897.930135060993,0.010943725359834976
10897.9979205297,0.021110166241945106
10898.06569465554,0.011237713349018949
10898.133457437918,0.021241301192149474
10898.20120887626,0.018581268250302162
10898.268948969982,0.016570150350671716
10898.336677718504,0.03389975609128451
10898.404395121244,0.015354449926556643
10898.47210117762,0.012870575829017312
10898.539795887054,0.02378186601934868
10898.607479248969,0.020513236198782748
10898.675151262787,0.028958748151344263
10898.742811927928,0.017805589705395208
10898.810461243815,0.0228513775092406
10898.878099209871,0.00023794574523275294
10898.945725825524,0.025705516990066582
10899.013341090194,0.029933641180837807
10899.08094500331,0.015754952765025008
10899.148537564295,0.004879711024107291
10899.216118772578,0.023457178217922873
10899.283688627582,0.0006124166223546897
10899.351247128734,0.013580114547363837
10899.418794275469,0.0065255522708903635
10899.48633006721,0.025784325677784964
10899.553854503387,0.020808170064825014
10899.621367583428,0.01773483344196045
10899.688869306769,0.030773594974224504
10899.756359672834,0.02250464387428621
10899.823838681057,0.010628893194395134
10899.891306330872,0.006096865264964907
10899.958762621707,0.02026628442366009
10900.026207552997,0.011722209707371412
10900.093641124178,0.014541544693217438
10900.16106333468,0.024069441444979647
10900.228474183938,0.01191518700178817
10900.295873671388,0.017502106027960623
10900.363261796465,0.020411578321575127
10900.430638558604,-6.896411586617985e-05
10900.498003957242,0.015582213773696875
10900.565357991818,0.011240710548568839
10900.632700661765,0.013182651028887746
10900.700031966524,0.020326493772972173
10900.767351905535,0.010774165883722242
10900.834660478233,0.0037928116547970504
10900.901957684058,0.006751548108335036
10900.96924352245,0.03023981179345191
10901.036517992852,0.007994367301040575
10901.103781094702,0.006579444689446489
10901.17103282744,0.00603441858660852
10902.111363017395,0.004999472207013094
10902.178444146733,0.004108212527732552
10902.245513898086,0.00499988332842727
10902.312572270892,0.015035743808939763
10902.379619264608,0.00948775503164681
10902.44665487868,0.005284106620238263
10902.51367911256,0.017395079152464177
10902.580691965695,0.00929052797065203
10902.64769343754,0.0033554549861463754
10902.714683527542,0.00761675725245927
10902.781662235155,0.008414820700677776
10902.848629559829,0.012399043239643127
10902.915585501016,0.013396347721602569
10902.98253005817,0.015440605753852185
10903.049463230744,0.003930789303829157
10903.116385018191,0.008136517663709182
10903.18329541996,-0.0023460378909213346
10904.585782802533,-0.0006090150942497374
10904.652442581935,0.013426425555261029
10904.71909096319,-0.001187930898952875
10904.785727945758,0.009233462460640142
10904.8523535291,0.0007293773223771405
10904.91896771268,0.0005806010445043508
10904.985570495955,-0.0021936817032914896
10905.052161878397,0.012545116058104742
10905.118741859456,0.01609769341601599
10905.185310438605,-0.00424696935123212
10905.251867615305,0.006694737856257247
10905.318413389015,0.013262229019756749
10905.384947759205,0.003164510522839845
10905.451470725333,0.015049224501197826
10905.517982286865,0.006411473805036376
10905.58448244327,0.024755802286325325
10905.650971194007,0.007471585805660677
10905.717448538542,0.0015906726134111487
10905.783914476342,0.0026260883507378168
10905.850369006872,0.005389683949267252
10905.916812129593,0.010765651852013655
10905.983243843979,-0.0008210252420221831
10906.049664149488,-0.001506850184818431
10906.116073045594,-0.005140305619845309
10907.044599304796,0.00802364657102853
10907.110836995862,0.005975341453697639
10907.177063269004,0.01700044845365961
10907.243278123695,0.001903087484208395
10907.3094815594,0.026459069182525323
10907.37567357559,0.013093898052708254
10907.441854171735,0.01674302755708986
10907.508023347305,0.010974770454374436
10907.574181101769,0.020383646886967508
10907.640327434598,0.00987736573363672
10907.70646234526,0.0028256399963932817
10907.772585833227,0.008640934514355735
10907.83869789797,0.0070252882581554954
10907.904798538959,0.016842978747531198
10907.970887755662,0.0002776848133456628
10908.036965547553,0.007909876895744437
10908.103031914105,0.012475806873880849
10908.169086854781,0.012856915839156782
10908.23513036906,0.007953559933137535
10908.301162456408,0.01868260640705903
10908.367183116296,0.013746343645312329
10908.4331923482,0.018395696351183214
10908.49919015159,0.013184252186958189
10908.56517652593,0.01128325080541363
10908.631151470703,0.020782562446999508
10908.697114985374,0.012964857052622809
10908.763067069413,0.015095494515556201
10908.829007722296,0.0027996786725615957
10908.894936943492,0.007821862329584801
10908.960854732475,0.017220732839419974
10909.026761088715,0.0010451868451415809
10909.092656011684,0.02044706777230411
10909.158539500855,0.004043906937326694
10909.224411555699,0.01872106641096959
10909.290272175687,0.016048884362746346
10909.356121360295,0.013060228382859139
10909.421959108991,0.01239581838642868
10909.487785421248,0.016986515238645587
10909.553600296538,0.024078756658560848
10909.619403734338,0.021441135553135555
10909.685195734111,0.007358602178825308
10909.750976295336,0.024935401509584974
10909.816745417485,0.0163859963311179
10909.882503100025,0.012490121071616431
10909.948249342435,0.011497123559784463
10910.013984144181,0.016857649495082963
10910.07970750474,0.012820754562497316
10910.14541942358,0.024787188304811535
10910.211119900174,0.02401412691490445
10910.276808933997,0.005893940668615523
10910.34248652452,0.021264600136324915
10910.408152671213,0.02587467862120643
10910.473807373548,0.019142020454632362
10910.539450631002,0.014351342959556132
10910.605082443039,0.007449599402738555
10910.670702809137,0.016263399919342156
10910.736311728768,0.020067896344523214
10910.801909201398,0.013112052239436128
10910.867495226505,0.016857331921623028
10910.933069803556,0.021529953410523283
10910.998632932027,0.011071029585665627
10911.064184611387,0.017205492351713175
10911.129724841107,0.01735369330441672
10911.195253620657,0.01590911925913986
10911.260770949513,0.014051782193274728
10911.326276827143,0.01839408115270818
10911.39177125302,0.010309022939652664
10911.457254226612,0.025357537585757605
10911.522725747393,0.01579027584912941
10911.588185814835,0.006748255136007266
10911.653634428405,0.012626757436750338
10911.719071587577,0.018498990253043766
10911.784497291817,0.013162790306620955
10912.372813070777,0.013245652501657566
10912.438124196588,0.011363214806330492
10912.503423861635,0.015258128075174168
10912.568712065391,0.00832305256858083
10912.633988807323,0.0023030088351982028
10912.699254086903,0.010829135351712333
10912.764507903597,-0.02057480893735876
10912.829750256875,0.007018045179591645
10912.894981146203,0.01764909196859286
10912.96020057105,0.01889797838320531
10913.025408530882,0.008903069594216736
10913.090605025169,0.010316330627836833
10913.155790053379,0.014645547399876623
10913.220963614978,0.01436565729487603
10913.286125709436,0.00835945471607029
10913.351276336212,0.010689319150986205
10913.416415494783,0.008005994955436909
10913.481543184607,0.011524654831422008
10913.546659405156,-0.00044622937522033416
10913.611764155892,0.011622116617535212
10913.676857436281,0.013650109688163069
10913.741939245792,0.017832695706515318
10913.807009583892,0.01804053701289973
10913.872068450039,0.014023039388971627
10913.9371158437,0.012993790751895391
10914.002151764345,0.0056018492571645396
10914.06717621143,0.01598498102423262
10914.132189184427,0.0007348665754477708
10914.197190682798,0.00376820328070423
10914.262180706002,0.013600357042452316
10914.327159253507,0.019411423193974004
10914.392126324778,0.009856018035389942
10914.457081919274,0.014702279495214698
10914.522026036457,0.009903192744986704
10914.586958675793,0.021595743313920505
10914.651879836738,0.006475216193416151
10914.716789518761,0.009996279433885143
10914.781687721319,0.013293267226349149
10914.846574443878,0.013208628885222668
10914.911449685893,0.02229490868651777
10914.976313446827,0.009731351781138545
10915.041165726141,0.006406914491840349
10915.106006523296,0.005545059578416376
10915.17083583775,0.012133941152600383
10915.23565366896,0.003503073751652769
10915.30046001639,0.010029617550359849
10915.365254879496,0.010182768634445657
10915.430038257738,0.01665561622622157
10915.494810150574,0.01003934912862676
10915.559570557461,0.0145318097495339
10915.624319477854,0.013328366986348013
10915.689056911215,0.020578736187690107
10915.753782856998,0.017729163468346125
10915.81849731466,0.018616910138948534
10915.883200283657,0.021086013134847856
10915.947891763444,0.018687460793472506
10916.01257175348,0.003962880983666775
10916.077240253211,0.020542491235658607
10916.141897262103,0.010132756766043633
10916.206542779604,0.014242950993071385
10916.271176805169,0.009899638429862991
10916.335799338249,0.020036743649680125
10916.400410378303,0.015422286753295524
10916.465009924777,0.014155848112093625
10916.529597977129,0.014877383008683312
10916.594174534808,0.02417271130035832
10916.658739597266,0.04054964169260038
10916.723293163956,0.020864416289842466
10916.787835234323,0.028026433918995796
10916.852365807825,0.0106746381841938
10916.916884883905,0.011100910733702802
10916.981392462021,0.027635716581320007
10917.045888541612,0.02331357489926832
10917.110373122134,0.021195108925263037
10917.17484620303,0.0337447577611452
10917.239307783755,0.023077491078092857
10917.303757863747,0.01853850906041815
10917.368196442461,0.023639696276694447
10917.432623519338,0.012094380187185515
10917.497039093829,0.024226066339431394
10917.561443165374,0.022524157342129435
10917.625835733423,0.018778022103694
10917.690216797417,0.012436355633494134
10917.754586356803,0.015594336045764594
10917.818944411021,0.01740936708602202
10917.88329095952,0.010308921020936467
10917.947626001738,0.018552992436589262
10918.011949537116,0.00821452623839364
10918.076261565102,0.01833516222135358
10918.14056208513,-0.0019837521609624145
10918.204851096645,0.0022105198883338086
10918.269128599088,-0.0072638851993562644
10918.333394591895,0.010949962599657298
10918.39764907451,0.017436792053779303
10918.461892046367,0.022519044943044696
10918.526123506905,0.01940537134076892
10918.590343455568,0.014035807152702817
10918.654551891785,0.020621724128313264
10918.718748814998,0.02061268760282666
10918.782934224639,0.01520657265025209
10918.847108120146,0.018439456740320388
10918.911270500952,0.02019273923942544
10918.975421366496,0.030709020914142564
10919.03956071621,0.015541104997484295
10919.103688549525,0.03311275531049085
10919.167804865874,0.03067729515422136
10919.231909664693,0.023275451499105024
10919.29600294541,0.02624305836662287
10919.360084707456,0.02446987920140504
10919.424154950266,0.02680557843670219
10919.488213673265,0.025040585894270766
10919.552260875886,0.01954603080449839
10919.616296557553,0.022234396199706838
10919.680320717702,0.007269898814327741
10919.744333355753,-0.002389391430212328
10919.808334471136,0.0026490455831568232
10919.872324063279,-0.026121012325019975
10919.936302131604,-0.03352106805472691
10920.000268675542,-0.001728131368557098
10920.06422369451,0.018578383970740995
10920.128167187937,0.030425036053057443
10920.192099155247,0.027059615198549946
10920.256019595861,0.030193472097255293
10920.319928509201,0.022090758712636497
10920.383825894687,0.028553098416020797
10920.447711751742,0.021945900506303982
10920.511586079789,0.02552305241132927
10920.57544887824,0.021754858623710533
10920.63930014652,0.026291548911198205
10920.703139884045,0.019912685133610414
10920.766968090233,0.024184824654748794
10920.8307847645,0.023166190647567742
10920.894589906262,0.031889264285996366
10920.958383514935,0.0033016686045989818
10921.022165589939,0.011397026472067811
10921.085936130678,0.018089606677424815
10921.149695136572,0.025326928487172943
10921.213442607035,0.012198149784730892
10921.277178541475,0.030863597813982332
10921.340902939306,0.020144943311128462
10921.404615799938,0.020393928110959594
10921.468317122783,0.030138114802920623
10921.532006907242,0.016126405802936332
10921.595685152733,0.01256920408153797
10921.659351858663,0.01364701439831561
10921.723007024435,0.006437724488496837
10921.786650649457,0.01879500864168042
10921.850282733134,0.01868835838787051
10921.913903274874,0.015492729366265123
10921.977512274076,0.02792307358451288
10922.041109730148,0.028696502210514153
10922.104695642493,0.029928536352168453
10922.168270010508,0.02743166935014707
10922.231832833599,0.022761095574219604
10922.295384111163,0.02495279495154474
10922.358923842601,0.01710550784018666
10922.422452027313,0.028482497265117465
10922.485968664698,0.016600845163318306
10922.549473754148,0.021639535376300888
10922.612967295065,0.026159668581552248
10922.676449286844,0.022881068692990378
10922.739919728878,0.016478282164965944
10922.803378620561,0.008747741158730825
10922.86682596129,0.02030974971732167
10922.93026175045,0.019223364065778775
10922.99368598744,0.011777578330188604
10923.05709867165,0.02782760414600121
10923.120499802468,0.02280883413780266
10923.183889379286,0.011826892588058587
10923.247267401488,0.01583065583428391
10923.310633868465,0.021097758520890367
10923.373988779602,0.027062572075584247
10923.437332134286,0.01338448074732112
10923.500663931904,0.013650254300345784
10923.563984171837,0.017867144464595603
10923.627292853467,0.03341788488843983
10923.690589976184,0.01351678493681193
10923.753875539362,0.015432271905819663
10923.817149542385,0.00720001805912086
10923.880411984634,0.01420147365978449
10923.943662865486,0.01208501116560361
10924.006902184321,0.00507283176174969
10924.070129940515,0.00929952357041573
10924.133346133445,0.002920660550943964
10924.196550762488,0.008484517885753596
10924.259743827013,0.014254713454633701
10924.322925326402,0.01991357517885153
10924.386095260023,0.02462140013433542
10924.449253627248,0.030606478941541136
10924.51240042745,0.0177286096568732
10924.575535659997,0.02283301266796698
10924.638659324257,0.005108713572689277
10924.701771419604,0.014927026514513936
10924.764871945401,0.010556590213093036
10924.827960901015,-0.0010297985499350916
10924.891038285812,-0.010259754549546158
10924.954104099153,-0.006694802343311375
10925.017158340408,-0.007927816590803775
10926.652504701728,0.01069707265080177
10926.71524625243,0.0011706610843409317
10926.777976212823,0.014502510360519078
10926.840694582237,0.008625468334617099
10926.903401360007,0.0004305252458941733
10928.841558325736,0.01823822932742109
10928.90389381211,0.02031653077139954
10928.966217684203,0.004629507941549073
10929.028529941303,0.00836161386383968
10929.090830582703,0.0237844169886706
10929.1531196077,0.02058128885169643
10929.215397015576,0.014581959018142954
10929.277662805624,0.017868266070138875
10929.339916977131,0.00854174223204743
10929.402159529383,0.028505104073322674
10929.464390461666,0.017031032699335917
10929.526609773266,0.006440145146942996
10929.58881746346,-0.0004624883074782421
10929.651013531531,-0.01399745499433875
10929.71319797676,0.0023281135518184344
10929.775370798425,0.021130439152574794
10929.837531995807,0.037087610173332404
10929.899681568175,0.03375098935188356
10929.96181951481,0.020323065770557848
10930.023945834982,0.016495126543595875
10930.086060527963,0.0144177989747867
10930.148163593029,0.033445445186944235
10930.210255029442,0.024917620752870392
10930.272334836473,0.024321454671873678
10930.334403013392,0.03466407338715948
10930.396459559459,0.02792265536264417
10930.458504473942,0.02517283116541144
10930.520537756105,0.012558008651096958
10930.582559405208,0.019110329242472277
10930.644569420509,0.016297345241099017
10930.70656780127,0.01719755578806265
10930.768554546743,0.02104462002026597
10930.830529656192,0.02453154668898641
10930.892493128866,0.02159333045805677
10930.95444496402,0.022871792769276554
10931.016385160907,0.016644390865689737
10931.078313718775,0.009404848887059156
10931.140230636876,0.020220656496481575
10931.202135914456,0.0427445125744911
10931.264029550763,0.017724398827581728
10931.32591154504,0.013485666504431417
10931.387781896532,0.01075780363319903
10931.449640604478,0.021165506971562466
10931.511487668124,0.03169844920004992
10931.573323086708,0.019184488372233646
10931.635146859464,0.029285988047220303
10931.69695898563,0.0164796465401186
10931.758759464446,0.023337519215438415
10931.820548295138,0.011705985774529548
10931.882325476945,0.014610340393960334
10931.944091009093,0.016113753709512017
10932.005844890813,0.024523733145313344
10932.067587121332,0.005594470072314947
10932.129317699879,0.028201378187415173
10932.191036625678,0.01656997781573196
10932.252743897947,0.031178057617834952
10932.314439515914,0.026071755985614082
10932.376123478798,0.02536555554024352
10932.437795785818,0.0229702357110786
10932.499456436191,0.031086294091913366
10932.561105429133,0.02689749214759221
10932.622742763859,0.015291573458222928
10932.68436843958,0.02874448624192974
10932.74598245551,0.005225074195364004
10932.807584810858,0.022181087452944653
10932.869175504831,0.018634119011364407
10932.930754536641,0.022742602384558344
10932.992321905487,0.02299750464092045
10933.053877610575,0.018078364602752056
10933.11542165111,0.014779945338884236
10933.176954026289,0.015603454100015296
10933.238474735314,-0.002195546388011927
10934.221218823108,0.021226066373543868
10934.282541083454,0.02718373660169393
10934.343851662963,0.013423546975224313
10934.4051505608,0.027972746999519838
10934.466437776136,0.019180305505388937
10934.527713308136,0.023349858349840682
10934.58897715596,0.018731517639468634
10934.650229318775,0.036854952672426354
10934.71146979574,0.031878927799025666
10934.772698586015,0.015602811482383783
10934.833915688754,0.020681625331717718
10934.895121103116,0.016627492575676646
10934.956314828254,0.022491944123605733
10935.017496863322,0.016001336769834302
10935.078667207466,0.02642328710803985
10935.13982585984,0.026619498766767117
10935.200972819588,0.01921445975239397
10935.262108085859,0.006249663036760899
10935.32323165779,0.02194107043437819
10935.384343534533,0.022433617584770704
10935.445443715218,0.010789559428824359
10935.506532198991,0.01769895284833527
10935.567608984988,0.012832620079554276
10935.628674072339,0.024810679672647263
10935.689727460185,0.0221522474165255
10935.750769147651,0.026543517094663623
10935.811799133871,0.017961212621644133
10935.87281741797,0.03739314353915637
10935.933823999081,0.021692041147047057
10935.994818876323,0.014865738933060136
10936.055802048819,0.022100451737574574
10936.116773515692,0.02675796512250104
10936.177733276061,0.01388728239503582
10936.23868132904,0.028499917420466706
10936.299617673754,0.013973194440306716
10936.360542309307,0.027942733878468774
10936.421455234817,0.0046522703702742375
10936.482356449393,0.027698132305361292
10936.543245952143,0.006760482840815546
10936.604123742172,0.011936952843835674
10936.664989818593,0.009370892899076826
10936.725844180499,0.004841013596144014
10936.786686826998,0.014134337854370516
10936.847517757187,-0.0013197027122463902
10936.908336970166,-0.0014365590041715828
10936.969144465025,0.016026797965004724
10937.029940240862,0.007297476716234149
10937.090724296773,0.024154361584027485
10937.151496631843,0.02325897394658403
10937.21225724516,0.022680719489624693
10937.273006135814,0.01414075281442863
10937.333743302888,0.026111916693806705
10937.394468745466,0.03138681387414488
10937.455182462627,0.00412338895607418
10937.51588445345,0.009110986692144784
10938.546023266312,0.004307743909536971
10938.606514023417,0.025524961600672698
10938.666993036322,0.03059217653331291
10938.727460304071,0.023822952524617646
10938.7879158257,0.02262423545852824
10938.848359600242,0.022802645990960116
10938.908791626738,0.010707064297302065
10938.969211904214,0.019333255102952356
10939.029620431706,0.03632812358468826
10939.090017208238,0.02945798037524702
10939.150402232839,0.01946807360907933
10939.210775504533,0.013963513128518795
10939.27113702234,0.035018705907404496
10939.331486785284,0.01631495309447166
10939.391824792381,0.02285662218166359
10939.452151042648,0.015291315757720171
10939.512465535097,0.018116151610014855
10939.572768268743,0.01616932784257548
10939.633059242595,0.023537628748426864
10939.69333845566,0.029238746674696642
10939.753605906944,0.029798804494029253
10939.813861595454,0.03311015228533339
10939.874105520186,0.025859071597736105
10939.934337680144,0.01743067669581519
10939.994558074324,0.008732319050960157
10940.054766701724,0.021182709045903313
10940.114963561335,0.02206526859801485
10940.175148652148,0.0007811500548578704
10940.235321973154,0.02795987475963616
10940.295483523338,0.01882395544677511
10940.355633301682,0.027788968620749883
10940.415771307178,0.024847251308551147
10940.4758975388,0.02318332524883828
10940.53601199553,0.02430829751126259
10940.596114676338,0.00806946690358501
10940.656205580206,0.03129108113970713
10940.7162847061,0.01553418345498345
10940.776352052997,0.01902780379368317
10940.83640761986,0.02299298586771751
10940.896451405652,0.004450659554788627
10940.956483409343,0.012946667846017935
10941.016503629891,0.01795680525267769
10941.076512066253,0.02294350035946412
10941.136508717393,0.023699779353843372
10941.196493582258,0.02024652552223075
10941.256466659803,0.023659808777704693
10941.31642794898,0.03088071326766916
10941.376377448738,0.007888594379050443
10941.43631515802,0.008088326811335296
10941.49624107577,-0.008198931479279858
10941.556155200933,0.0033682841681808816
10941.616057532445,0.013249386826822718
10941.675948069244,0.026342654125211105
10941.735826810263,0.035563193341176795
10941.79569375444,0.03912001744497266
10941.8555489007,0.03595754643661437
10941.915392247973,0.030196582850871578
10941.975223795185,0.045278027484011815
10942.035043541258,0.049267348239294864
10942.094851485117,0.03016780601835419
10942.154647625679,0.01581560403925259
10942.21443196186,0.026303842259962337
10942.274204492574,0.03003084990626599
10942.333965216738,0.028681040039948476
10942.393714133255,0.027920951541089756
10942.453451241037,0.025840965596747346
10942.513176538989,0.0454601890210994
10942.572890026016,0.026298640081042546
10943.348090059588,0.03519990645835753
10943.407638077142,0.021863065768799088
10943.467174267036,0.014152689860959102
10943.526698628133,0.03129975139969172
10943.586211159298,0.012845217200258375
10943.645711859386,0.022738695255499194
10943.705200727263,0.011186575660502155
10943.764677761781,0.019868529833700257
10943.824142961792,0.023347134458337044
10943.88359632615,0.024599380685165925
10943.943037853704,0.007713554982252058
10944.002467543294,0.021573560273155077
10944.06188539377,0.023050328125296515
10944.121291403972,0.025815973108813915
10944.18068557274,0.0201637970704437
10944.240067898905,0.006070628681313525
10944.29943838131,0.014013588202124241
10944.358797018776,0.020033201578018415
10944.418143810139,0.02961866997570801
10944.477478754223,0.016811113511988225
10944.536801849852,0.006187639224883837
10944.59611309585,0.011526051170012342
10945.8979601338,0.019818540284665342
10945.956998507208,0.02521574488907095
10946.016025001945,0.026157455941211036
10946.075039616764,0.02905553979610935
10946.134042350424,0.02622285777433243
10946.193033201675,0.016143550585734873
10946.252012169269,0.020791366188192804
10946.310979251952,0.01951798291548783
10946.36993444847,0.012983406310631725
10946.428877757562,0.010122845637380059
10947.898593337703,0.02934566905860001
10947.957227123425,0.016706634381941806
10948.015848986739,0.02376834079724083
10948.07445892631,0.01640773743323591
10948.1330569408,0.028062533150656148
10948.191643028871,-0.0018131915233969781
10948.25021718918,0.0032537945553480214
10948.30877942038,0.026256204351401715
10948.367329721124,-0.001385624930391489
10950.292787666238,0.017684562946537623
10950.350931508707,0.012723265892791153
10950.40906337171,0.011499047585772946
10950.467183253792,0.018934258176025606
10950.525291153495,0.014437196651705673
10950.58338706936,-0.017159558821678998
10950.641470999928,-0.027791908375180724
10950.699542943728,-0.008741780884204721
10950.757602899297,-0.011831794177594605
10950.815650865157,0.01663542694705183
10950.87368683984,0.035713309378293145
10950.93171082186,0.03151757262609706
10950.989722809743,0.022363376659017272
10951.047722802003,0.03509024475891596
10951.105710797152,0.03058032754076727
10951.1636867937,0.013659458521837569
10951.221650790152,-0.028931882777366552
10951.279602785016,-0.00808525896743461
10951.337542776788,0.021498684444301207
10951.39547076397,0.0206746900972179
10951.453386745052,0.03015815765562876
10951.511290718528,0.028924455595502288
10951.569182682884,0.014940426194031292
10951.627062636604,0.01632779813751418
10951.684930578174,0.03108299623275386
10951.74278650607,0.03018087222062181
10951.80063041877,0.024190473575928236
10951.858462314742,0.012613351401423452
10951.916282192456,0.014416432694255889
10951.974090050382,0.01508042052807897
10952.03188588698,0.013662976479115695
10952.089669700708,0.009169504429645843
10952.147441490024,0.02586824911843055
10952.205201253384,0.027090466591287908
10952.262948989237,0.00830363930062876
10952.320684696026,0.007269712345070156
10952.378408372198,0.027770441250882363
10952.436120016193,0.034817764480439814
10952.493819626448,0.019950827139170797
10952.5515072014,0.020548486511523193
10952.609182739476,0.018012260169222572
10953.242818772565,0.017658935744012248
10953.300349744573,0.011315619861001268
10953.357868659012,0.02450912613687414
10953.415375514263,0.016804517118825923
10954.047154550708,0.016050061441903987
10954.10451656858,0.03204902073243165
10954.16186650597,0.0123394938282046
10954.21920436122,0.042301540131810915
10954.27653013266,0.029349400409786782
10954.333843818626,0.016903049379438664
10954.391145417443,0.032300529724214516
10954.448434927439,0.03169821960230139
10954.505712346929,0.01683120530252033
10954.562977674237,0.027662660441042465
10954.620230907674,0.031523675639459785
10954.677472045556,0.02692493730096023
10954.734701086185,0.026585798506778367
10954.791918027866,0.028986158401403745
10954.849122868904,0.018928394406118744
10954.906315607592,0.020485728373988463
10954.963496242222,0.026818151290147682
10955.020664771091,0.027216706597332833
10955.077821192479,0.03000683104394388
10955.134965504674,0.02512092254611503
10955.192097705954,0.019695797196183914
10955.249217794597,0.02602142503322896
10955.306325768874,0.02556918610037102
10955.363421627053,0.029900818337554504
10955.420505367403,0.015518678599105985
10955.477576988189,0.026951154546867643
10955.534636487664,0.03849074585648072
10955.591683864084,0.01838577527860324
10955.648719115708,0.020166294500895555
10955.705742240774,0.02568642996478202
10955.762753237534,0.02049823795302565
10955.819752104228,0.007176530233744907
10955.876738839092,0.016269811423868377
10955.933713440361,0.018746630337113136
10955.990675906263,0.039776311659984326
10956.047626235031,0.03531989704616447
10956.104564424886,0.02565187293328082
10956.161490474044,0.030069768716204967
10956.218404380723,0.031246829807145708
10956.275306143141,0.030952115715389934
10956.332195759502,0.011203170182272985
10956.38907322801,0.026790196103149228
10956.445938546869,0.023833384167884625
10956.502791714283,0.009068179512682732
10956.559632728438,0.024404559395083462
10956.616461587528,0.01189514357132997
10956.673278289742,0.01735903105787071
10956.730082833263,0.02441308824007747
10956.786875216269,0.03185061023738353
10956.84365543694,0.01976458062889225
10957.863617548655,0.022039513090610044
10957.92016633357,0.011294705772519226
10957.976702918902,0.007958075595929447
10958.033227302752,0.010782156888154365
10958.089739483214,0.020318704855874992
10958.146239458378,0.01754310873299402
10958.202727226331,0.023253656952987468
10958.259202785157,0.007502472905632173
10958.315666132938,0.006081531937031145
